Region,Wine,LWIN11,Vintage,LWIN7,Index,Sub-Index,Latitude,Longitude,Mar-Sept avg rainfall ,Critic Score
Bordeaux (Red),Angelus,10060452017,2017,1006045,Bordeaux 500,Right Bank 100,44.8928817,-0.1704865,470,
Burgundy (Red),Angelus,10060452016,2016,1006045,Bordeaux 500,Right Bank 100,44.8928817,-0.1704865,418,
Bordeaux (Red),Angelus,10060452015,2015,1006045,Bordeaux 500,Right Bank 100,44.8928817,-0.1704865,353,
Bordeaux (Red),Angelus,10060452014,2014,1006045,Bordeaux 500,Right Bank 100,44.8928817,-0.1704865,473,
Bordeaux (Red),Angelus,10060452013,2013,1006045,Bordeaux 500,Right Bank 100,44.8928817,-0.1704865,526,
Bordeaux (Red),Angelus,10060452012,2012,1006045,Bordeaux 500,Right Bank 100,44.8928817,-0.1704865,440,
Bordeaux (Red),Angelus,10060452011,2011,1006045,Bordeaux 500,Right Bank 100,44.8928817,-0.1704865,269,
Bordeaux (Red),Angelus,10060452010,2010,1006045,Bordeaux 500,Right Bank 100,44.8928817,-0.1704865,278,
Bordeaux (Red),Angelus,10060452009,2009,1006045,Bordeaux 500,Right Bank 100,44.8928817,-0.1704865,420,
Bordeaux (Red),Angelus,10060452008,2008,1006045,Bordeaux 500,Right Bank 100,44.8928817,-0.1704865,,
Bordeaux (Red),Angelus,10060452000,2000,1006045,Bordeaux Legends 40,Bordeaux Legends ,,,,
Burgundy (red),"Armand Rousseau, Chambertin",10570052018,2018,1057005,Burgundy150,Red Burgundy ,,,,
Burgundy (red),"Armand Rousseau, Chambertin",10570052017,2017,1057005,Burgundy150,Red Burgundy ,,,,
Burgundy (red),"Armand Rousseau, Chambertin",10570052016,2016,1057005,Burgundy150,Red Burgundy ,,,,
Burgundy (red),"Armand Rousseau, Chambertin",10570052015,2015,1057005,Burgundy150,Red Burgundy ,,,,
Burgundy (red),"Armand Rousseau, Chambertin",10570052014,2014,1057005,Burgundy150,Red Burgundy ,,,,
Burgundy (red),"Armand Rousseau, Chambertin",10570052013,2013,1057005,Burgundy150,Red Burgundy ,,,,
Burgundy (red),"Armand Rousseau, Chambertin",10570052012,2012,1057005,Burgundy150,Red Burgundy ,,,,
Burgundy (red),"Armand Rousseau, Chambertin",10570052011,2011,1057005,Burgundy150,Red Burgundy ,,,,
Burgundy (red),"Armand Rousseau, Chambertin",10570052010,2010,1057005,Burgundy150,Red Burgundy ,,,,
Burgundy (red),"Armand Rousseau, Chambertin",10570052009,2009,1057005,Burgundy150,Red Burgundy ,,,,
Bordeaux (Red),Ausone,10062052017,2017,1006205,Bordeaux 500,Right Bank 50,44.8888,0.1569,470,
Bordeaux (Red),Ausone,10062052016,2016,1006205,Bordeaux 500,Right Bank 50,44.8888,0.1569,418,
Bordeaux (Red),Ausone,10062052015,2015,1006205,Bordeaux 500,Right Bank 50,44.8888,0.1569,353,
Bordeaux (Red),Ausone,10062052014,2014,1006205,Bordeaux 500,Right Bank 50,44.8888,0.1569,473,
Bordeaux (Red),Ausone,10062052013,2013,1006205,Bordeaux 500,Right Bank 50,44.8888,0.1569,526,
Bordeaux (Red),Ausone,10062052012,2012,1006205,Bordeaux 500,Right Bank 50,44.8888,0.1569,440,
Bordeaux (Red),Ausone,10062052011,2011,1006205,Bordeaux 500,Right Bank 50,44.8888,0.1569,269,
Bordeaux (Red),Ausone,10062052010,2010,1006205,Bordeaux 500,Right Bank 50,44.8888,0.1569,278,
Bordeaux (Red),Ausone,10062052009,2009,1006205,Bordeaux 500,Right Bank 50,44.8888,0.1569,420,
Bordeaux (Red),Ausone,10062052008,2008,1006205,Bordeaux 500,Right Bank 50,44.8888,0.1569,,
Bordeaux (Red),Ausone,10062052000,2000,1006205,Bordeaux Legends 40,Bordeaux Legends ,,,,
Bordeaux (Red),Ausone,10062051998,1998,1006205,Bordeaux Legends 40,Bordeaux Legends ,,,,
Rhone,"Beaucastel, Chateauneuf Du Pape",11083872018,2018,1108387,Rhone 100,Southern Rhone 50,,,,
Rhone,"Beaucastel, Chateauneuf Du Pape",11083872017,2017,1108387,Rhone 100,Southern Rhone 50,,,,
Rhone,"Beaucastel, Chateauneuf Du Pape",11083872016,2016,1108387,Rhone 100,Southern Rhone 50,,,,
Rhone,"Beaucastel, Chateauneuf Du Pape",11083872015,2015,1108387,Rhone 100,Southern Rhone 50,,,,
Rhone,"Beaucastel, Chateauneuf Du Pape",11083872014,2014,1108387,Rhone 100,Southern Rhone 50,,,,
Rhone,"Beaucastel, Chateauneuf Du Pape",11083872013,2013,1108387,Rhone 100,Southern Rhone 50,,,,
Rhone,"Beaucastel, Chateauneuf Du Pape",11083872012,2012,1108387,Rhone 100,Southern Rhone 50,,,,
Rhone,"Beaucastel, Chateauneuf Du Pape",11083872011,2011,1108387,Rhone 100,Southern Rhone 50,,,,
Rhone,"Beaucastel, Chateauneuf Du Pape",11083872010,2010,1108387,Rhone 100,Southern Rhone 50,,,,
Rhone,"Beaucastel, Chateauneuf Du Pape",11083872009,2009,1108387,Rhone 100,Southern Rhone 50,,,,
Rhone,"Beaucastel, Chateauneuf Du Pape Hommage J Perrin",11084042018,2018,1108404,Rhone 100,Southern Rhone 50,,,,
Rhone,"Beaucastel, Chateauneuf Du Pape Hommage J Perrin",11084042017,2017,1108404,Rhone 100,Southern Rhone 50,,,,
Rhone,"Beaucastel, Chateauneuf Du Pape Hommage J Perrin",11084042016,2016,1108404,Rhone 100,Southern Rhone 50,,,,
Rhone,"Beaucastel, Chateauneuf Du Pape Hommage J Perrin",11084042015,2015,1108404,Rhone 100,Southern Rhone 50,,,,
Rhone,"Beaucastel, Chateauneuf Du Pape Hommage J Perrin",11084042014,2014,1108404,Rhone 100,Southern Rhone 50,,,,
Rhone,"Beaucastel, Chateauneuf Du Pape Hommage J Perrin",11084042013,2013,1108404,Rhone 100,Southern Rhone 50,,,,
Rhone,"Beaucastel, Chateauneuf Du Pape Hommage J Perrin",11084042012,2012,1108404,Rhone 100,Southern Rhone 50,,,,
Rhone,"Beaucastel, Chateauneuf Du Pape Hommage J Perrin",11084042011,2011,1108404,Rhone 100,Southern Rhone 50,,,,
Rhone,"Beaucastel, Chateauneuf Du Pape Hommage J Perrin",11084042010,2010,1108404,Rhone 100,Southern Rhone 50,,,,
Rhone,"Beaucastel, Chateauneuf Du Pape Hommage J Perrin",11084042009,2009,1108404,Rhone 100,Southern Rhone 50,,,,
Bordeaux (Red),Beychevelle,10071012017,2017,1007101,Bordeaux 500,Left Bank 200,45.1442,0.7343,470,
Bordeaux (Red),Beychevelle,10071012016,2016,1007101,Bordeaux 500,Left Bank 200,45.1442,0.7343,418,
Bordeaux (Red),Beychevelle,10071012015,2015,1007101,Bordeaux 500,Left Bank 200,45.1442,0.7343,353,
Bordeaux (Red),Beychevelle,10071012014,2014,1007101,Bordeaux 500,Left Bank 200,45.1442,0.7343,473,
Bordeaux (Red),Beychevelle,10071012013,2013,1007101,Bordeaux 500,Left Bank 200,45.1442,0.7343,526,
Bordeaux (Red),Beychevelle,10071012012,2012,1007101,Bordeaux 500,Left Bank 200,45.1442,0.7343,440,
Bordeaux (Red),Beychevelle,10071012011,2011,1007101,Bordeaux 500,Left Bank 200,45.1442,0.7343,269,
Bordeaux (Red),Beychevelle,10071012010,2010,1007101,Bordeaux 500,Left Bank 200,45.1442,0.7343,278,
Bordeaux (Red),Beychevelle,10071012009,2009,1007101,Bordeaux 500,Left Bank 200,45.1442,0.7343,420,
Bordeaux (Red),Beychevelle,10071012008,2008,1007101,Bordeaux 500,Left Bank 200,45.1442,0.7343,,
Champagne,"Bollinger, Grande Annee",10817892012,2012,1081789,Champagne 50,Champagne ,,,,
Champagne,"Bollinger, Grande Annee",10817892008,2008,1081789,Champagne 50,Champagne ,,,,
Champagne,"Bollinger, Grande Annee",10817892007,2007,1081789,Champagne 50,Champagne ,,,,
Champagne,"Bollinger, Grande Annee",10817892005,2005,1081789,Champagne 50,Champagne ,,,,
Burgundy (white),"Bonneau Martray, Corton Charlemagne",10617762018,2018,1061776,Burgundy150,White Burgundy ,,,,
Burgundy (white),"Bonneau Martray, Corton Charlemagne",10617762017,2017,1061776,Burgundy150,White Burgundy ,,,,
Burgundy (white),"Bonneau Martray, Corton Charlemagne",10617762016,2016,1061776,Burgundy150,White Burgundy ,,,,
Burgundy (white),"Bonneau Martray, Corton Charlemagne",10617762015,2015,1061776,Burgundy150,White Burgundy ,,,,
Burgundy (white),"Bonneau Martray, Corton Charlemagne",10617762014,2014,1061776,Burgundy150,White Burgundy ,,,,
Burgundy (white),"Bonneau Martray, Corton Charlemagne",10617762013,2013,1061776,Burgundy150,White Burgundy ,,,,
Burgundy (white),"Bonneau Martray, Corton Charlemagne",10617762012,2012,1061776,Burgundy150,White Burgundy ,,,,
Burgundy (white),"Bonneau Martray, Corton Charlemagne",10617762011,2011,1061776,Burgundy150,White Burgundy ,,,,
Burgundy (white),"Bonneau Martray, Corton Charlemagne",10617762010,2010,1061776,Burgundy150,White Burgundy ,,,,
Burgundy (white),"Bonneau Martray, Corton Charlemagne",10617762009,2009,1061776,Burgundy150,White Burgundy ,,,,
Bordeaux (Red),Calon Segur,10074752017,2017,1007475,Bordeaux 500,Left Bank 200,45.2668, 0.7776,470,
Bordeaux (Red),Calon Segur,10074752016,2016,1007475,Bordeaux 500,Left Bank 200,45.2668, 0.7776,418,
Bordeaux (Red),Calon Segur,10074752015,2015,1007475,Bordeaux 500,Left Bank 200,45.2668, 0.7776,353,
Bordeaux (Red),Calon Segur,10074752014,2014,1007475,Bordeaux 500,Left Bank 200,45.2668, 0.7776,473,
Bordeaux (Red),Calon Segur,10074752013,2013,1007475,Bordeaux 500,Left Bank 200,45.2668, 0.7776,526,
Bordeaux (Red),Calon Segur,10074752012,2012,1007475,Bordeaux 500,Left Bank 200,45.2668, 0.7776,440,
Bordeaux (Red),Calon Segur,10074752011,2011,1007475,Bordeaux 500,Left Bank 200,45.2668, 0.7776,269,
Bordeaux (Red),Calon Segur,10074752010,2010,1007475,Bordeaux 500,Left Bank 200,45.2668, 0.7776,278,
Bordeaux (Red),Calon Segur,10074752009,2009,1007475,Bordeaux 500,Left Bank 200,45.2668, 0.7776,420,
Bordeaux (Red),Calon Segur,10074752008,2008,1007475,Bordeaux 500,Left Bank 200,45.2668, 0.7776,,
Bordeaux (Red),Carruades Lafite,10078402017,2017,1007840,Bordeaux 500,Second Wines 50 ,45.225,-0.773056,470,
Bordeaux (Red),Carruades Lafite,10078402016,2016,1007840,Bordeaux 500,Second Wines 50 ,45.225,-0.773056,418,
Bordeaux (Red),Carruades Lafite,10078402015,2015,1007840,Bordeaux 500,Second Wines 50 ,45.225,-0.773056,353,
Bordeaux (Red),Carruades Lafite,10078402014,2014,1007840,Bordeaux 500,Second Wines 50 ,45.225,-0.773056,473,
Bordeaux (Red),Carruades Lafite,10078402013,2013,1007840,Bordeaux 500,Second Wines 50 ,45.225,-0.773056,526,
Bordeaux (Red),Carruades Lafite,10078402012,2012,1007840,Bordeaux 500,Second Wines 50 ,45.225,-0.773056,440,
Bordeaux (Red),Carruades Lafite,10078402011,2011,1007840,Bordeaux 500,Second Wines 50 ,45.225,-0.773056,269,
Bordeaux (Red),Carruades Lafite,10078402010,2010,1007840,Bordeaux 500,Second Wines 50 ,45.225,-0.773056,278,
Bordeaux (Red),Carruades Lafite,10078402009,2009,1007840,Bordeaux 500,Second Wines 50 ,45.225,-0.773056,420,
Bordeaux (Red),Carruades Lafite,10078402008,2008,1007840,Bordeaux 500,Second Wines 50 ,45.225,-0.773056,,
Rhone,"Chapoutier, Ermitage Pavillon",11097042018,2018,1109704,Rhone 100,Northern Rhone 50,,,,
Rhone,"Chapoutier, Ermitage Pavillon",11097042017,2017,1109704,Rhone 100,Northern Rhone 50,,,,
Rhone,"Chapoutier, Ermitage Pavillon",11097042016,2016,1109704,Rhone 100,Northern Rhone 50,,,,
Rhone,"Chapoutier, Ermitage Pavillon",11097042015,2015,1109704,Rhone 100,Northern Rhone 50,,,,
Rhone,"Chapoutier, Ermitage Pavillon",11097042014,2014,1109704,Rhone 100,Northern Rhone 50,,,,
Rhone,"Chapoutier, Ermitage Pavillon",11097042013,2013,1109704,Rhone 100,Northern Rhone 50,,,,
Rhone,"Chapoutier, Ermitage Pavillon",11097042012,2012,1109704,Rhone 100,Northern Rhone 50,,,,
Rhone,"Chapoutier, Ermitage Pavillon",11097042011,2011,1109704,Rhone 100,Northern Rhone 50,,,,
Rhone,"Chapoutier, Ermitage Pavillon",11097042010,2010,1109704,Rhone 100,Northern Rhone 50,,,,
Rhone,"Chapoutier, Ermitage Pavillon",11097042009,2009,1109704,Rhone 100,Northern Rhone 50,,,,
Bordeaux (Red),Cheval Blanc,10081082017,2017,1008108,Bordeaux 500,Right Bank 50,44.9195, 0.1897,470,
Bordeaux (Red),Cheval Blanc,10081082016,2016,1008108,Bordeaux 500,Right Bank 50,44.9195, 0.1897,418,
Bordeaux (Red),Cheval Blanc,10081082015,2015,1008108,Bordeaux 500,Right Bank 50,44.9195, 0.1897,353,
Bordeaux (Red),Cheval Blanc,10081082014,2014,1008108,Bordeaux 500,Right Bank 50,44.9195, 0.1897,473,
Bordeaux (Red),Cheval Blanc,10081082013,2013,1008108,Bordeaux 500,Right Bank 50,44.9195, 0.1897,526,
Bordeaux (Red),Cheval Blanc,10081082012,2012,1008108,Bordeaux 500,Right Bank 50,44.9195, 0.1897,440,
Bordeaux (Red),Cheval Blanc,10081082011,2011,1008108,Bordeaux 500,Right Bank 50,44.9195, 0.1897,269,
Bordeaux (Red),Cheval Blanc,10081082010,2010,1008108,Bordeaux 500,Right Bank 50,44.9195, 0.1897,278,
Bordeaux (Red),Cheval Blanc,10081082009,2009,1008108,Bordeaux 500,Right Bank 50,44.9195, 0.1897,420,
Bordeaux (Red),Cheval Blanc,10081082008,2008,1008108,Bordeaux 500,Right Bank 50,44.9195, 0.1897,,
Bordeaux (Red),Cheval Blanc,10081082000,2000,1008108,Bordeaux Legends 40,Bordeaux Legends ,,,,
Bordeaux (Red),Cheval Blanc,10081081998,1998,1008108,Bordeaux Legends 40,Bordeaux Legends ,,,,
Bordeaux (Red),Cheval Blanc,10081081995,1995,1008108,Bordeaux Legends 40,Bordeaux Legends ,,,,
Bordeaux (Red),Cheval Blanc,10081081990,1990,1008108,Bordeaux Legends 40,Bordeaux Legends ,,,,
Bordeaux (Red),Clarence Haut Brion,10081532017,2017,1008153,Bordeaux 500,Second Wines 50 ,44.8167,0.6087,470,
Bordeaux (Red),Clarence Haut Brion,10081532016,2016,1008153,Bordeaux 500,Second Wines 50 ,44.8167,0.6087,418,
Bordeaux (Red),Clarence Haut Brion,10081532015,2015,1008153,Bordeaux 500,Second Wines 50 ,44.8167,0.6087,353,
Bordeaux (Red),Clarence Haut Brion,10081532014,2014,1008153,Bordeaux 500,Second Wines 50 ,44.8167,0.6087,473,
Bordeaux (Red),Clarence Haut Brion,10081532013,2013,1008153,Bordeaux 500,Second Wines 50 ,44.8167,0.6087,526,
Bordeaux (Red),Clarence Haut Brion,10081532012,2012,1008153,Bordeaux 500,Second Wines 50 ,44.8167,0.6087,440,
Bordeaux (Red),Clarence Haut Brion,10081532011,2011,1008153,Bordeaux 500,Second Wines 50 ,44.8167,0.6087,269,
Bordeaux (Red),Clarence Haut Brion,10081532010,2010,1008153,Bordeaux 500,Second Wines 50 ,44.8167,0.6087,278,
Bordeaux (Red),Clarence Haut Brion,10081532009,2009,1008153,Bordeaux 500,Second Wines 50 ,44.8167,0.6087,420,
Bordeaux (Red),Clarence Haut Brion,10081532008,2008,1008153,Bordeaux 500,Second Wines 50 ,44.8167,0.6087,,
Bordeaux (White),Climens,10166912016,2016,1016691,Bordeaux 500,Sauternes 50,44.5894,0.3348,418,
Bordeaux (White),Climens,10166912015,2015,1016691,Bordeaux 500,Sauternes 50,44.5894,0.3348,353,
Bordeaux (White),Climens,10166912014,2014,1016691,Bordeaux 500,Sauternes 50,44.5894,0.3348,473,
Bordeaux (White),Climens,10166912013,2013,1016691,Bordeaux 500,Sauternes 50,44.5894,0.3348,526,
Bordeaux (White),Climens,10166912012,2012,1016691,Bordeaux 500,Sauternes 50,44.5894,0.3348,440,
Bordeaux (White),Climens,10166912011,2011,1016691,Bordeaux 500,Sauternes 50,44.5894,0.3348,269,
Bordeaux (White),Climens,10166912010,2010,1016691,Bordeaux 500,Sauternes 50,44.5894,0.3348,278,
Bordeaux (White),Climens,10166912009,2009,1016691,Bordeaux 500,Sauternes 50,44.5894,0.3348,420,
Bordeaux (White),Climens,10166912008,2008,1016691,Bordeaux 500,Sauternes 50,44.5894,0.3348,,
Bordeaux (White),Climens,10166912007,2007,1016691,Bordeaux 500,Sauternes 50,44.5894,0.3348,,
Bordeaux (Red),Clinet,10082252017,2017,1008225,Bordeaux 500,Right Bank 100,44.9341,0.2048,470,
Bordeaux (Red),Clinet,10082252016,2016,1008225,Bordeaux 500,Right Bank 100,44.9341,0.2048,418,
Bordeaux (Red),Clinet,10082252015,2015,1008225,Bordeaux 500,Right Bank 100,44.9341,0.2048,353,
Bordeaux (Red),Clinet,10082252014,2014,1008225,Bordeaux 500,Right Bank 100,44.9341,0.2048,473,
Bordeaux (Red),Clinet,10082252013,2013,1008225,Bordeaux 500,Right Bank 100,44.9341,0.2048,526,
Bordeaux (Red),Clinet,10082252012,2012,1008225,Bordeaux 500,Right Bank 100,44.9341,0.2048,440,
Bordeaux (Red),Clinet,10082252011,2011,1008225,Bordeaux 500,Right Bank 100,44.9341,0.2048,269,
Bordeaux (Red),Clinet,10082252010,2010,1008225,Bordeaux 500,Right Bank 100,44.9341,0.2048,278,
Bordeaux (Red),Clinet,10082252009,2009,1008225,Bordeaux 500,Right Bank 100,44.9341,0.2048,420,
Bordeaux (Red),Clinet,10082252008,2008,1008225,Bordeaux 500,Right Bank 100,44.9341,0.2048,,
Bordeaux (Red),Clos Fourtet,10083392017,2017,1008339,Bordeaux 500,Right Bank 100,44.8944,0.1581,470,
Bordeaux (Red),Clos Fourtet,10083392016,2016,1008339,Bordeaux 500,Right Bank 100,44.8944,0.1581,418,
Bordeaux (Red),Clos Fourtet,10083392015,2015,1008339,Bordeaux 500,Right Bank 100,44.8944,0.1581,353,
Bordeaux (Red),Clos Fourtet,10083392014,2014,1008339,Bordeaux 500,Right Bank 100,44.8944,0.1581,473,
Bordeaux (Red),Clos Fourtet,10083392013,2013,1008339,Bordeaux 500,Right Bank 100,44.8944,0.1581,526,
Bordeaux (Red),Clos Fourtet,10083392012,2012,1008339,Bordeaux 500,Right Bank 100,44.8944,0.1581,440,
Bordeaux (Red),Clos Fourtet,10083392011,2011,1008339,Bordeaux 500,Right Bank 100,44.8944,0.1581,269,
Bordeaux (Red),Clos Fourtet,10083392010,2010,1008339,Bordeaux 500,Right Bank 100,44.8944,0.1581,278,
Bordeaux (Red),Clos Fourtet,10083392009,2009,1008339,Bordeaux 500,Right Bank 100,44.8944,0.1581,420,
Bordeaux (Red),Clos Fourtet,10083392008,2008,1008339,Bordeaux 500,Right Bank 100,44.8944,0.1581,,
Rhone,"Clos Papes, Chateauneuf Du Pape",11104872018,2018,1110487,Rhone 100,Southern Rhone 50,,,,
Rhone,"Clos Papes, Chateauneuf Du Pape",11104872017,2017,1110487,Rhone 100,Southern Rhone 50,,,,
Rhone,"Clos Papes, Chateauneuf Du Pape",11104872016,2016,1110487,Rhone 100,Southern Rhone 50,,,,
Rhone,"Clos Papes, Chateauneuf Du Pape",11104872015,2015,1110487,Rhone 100,Southern Rhone 50,,,,
Rhone,"Clos Papes, Chateauneuf Du Pape",11104872014,2014,1110487,Rhone 100,Southern Rhone 50,,,,
Rhone,"Clos Papes, Chateauneuf Du Pape",11104872013,2013,1110487,Rhone 100,Southern Rhone 50,,,,
Rhone,"Clos Papes, Chateauneuf Du Pape",11104872012,2012,1110487,Rhone 100,Southern Rhone 50,,,,
Rhone,"Clos Papes, Chateauneuf Du Pape",11104872011,2011,1110487,Rhone 100,Southern Rhone 50,,,,
Rhone,"Clos Papes, Chateauneuf Du Pape",11104872010,2010,1110487,Rhone 100,Southern Rhone 50,,,,
Rhone,"Clos Papes, Chateauneuf Du Pape",11104872009,2009,1110487,Rhone 100,Southern Rhone 50,,,,
Burgundy (white),"Coche Dury, Meursault",10647192018,2018,1064719,Burgundy150,White Burgundy ,,,,
Burgundy (white),"Coche Dury, Meursault",10647192017,2017,1064719,Burgundy150,White Burgundy ,,,,
Burgundy (white),"Coche Dury, Meursault",10647192016,2016,1064719,Burgundy150,White Burgundy ,,,,
Burgundy (white),"Coche Dury, Meursault",10647192015,2015,1064719,Burgundy150,White Burgundy ,,,,
Burgundy (white),"Coche Dury, Meursault",10647192014,2014,1064719,Burgundy150,White Burgundy ,,,,
Burgundy (white),"Coche Dury, Meursault",10647192013,2013,1064719,Burgundy150,White Burgundy ,,,,
Burgundy (white),"Coche Dury, Meursault",10647192012,2012,1064719,Burgundy150,White Burgundy ,,,,
Burgundy (white),"Coche Dury, Meursault",10647192011,2011,1064719,Burgundy150,White Burgundy ,,,,
Burgundy (white),"Coche Dury, Meursault",10647192010,2010,1064719,Burgundy150,White Burgundy ,,,,
Burgundy (white),"Coche Dury, Meursault",10647192009,2009,1064719,Burgundy150,White Burgundy ,,,,
Burgundy (red),"Comte Vogue, Musigny Vv",10268722018,2018,1026872,Burgundy150,Red Burgundy ,,,,
Burgundy (red),"Comte Vogue, Musigny Vv",10268722017,2017,1026872,Burgundy150,Red Burgundy ,,,,
Burgundy (red),"Comte Vogue, Musigny Vv",10268722016,2016,1026872,Burgundy150,Red Burgundy ,,,,
Burgundy (red),"Comte Vogue, Musigny Vv",10268722015,2015,1026872,Burgundy150,Red Burgundy ,,,,
Burgundy (red),"Comte Vogue, Musigny Vv",10268722014,2014,1026872,Burgundy150,Red Burgundy ,,,,
Burgundy (red),"Comte Vogue, Musigny Vv",10268722013,2013,1026872,Burgundy150,Red Burgundy ,,,,
Burgundy (red),"Comte Vogue, Musigny Vv",10268722012,2012,1026872,Burgundy150,Red Burgundy ,,,,
Burgundy (red),"Comte Vogue, Musigny Vv",10268722011,2011,1026872,Burgundy150,Red Burgundy ,,,,
Burgundy (red),"Comte Vogue, Musigny Vv",10268722010,2010,1026872,Burgundy150,Red Burgundy ,,,,
Burgundy (red),"Comte Vogue, Musigny Vv",10268722009,2009,1026872,Burgundy150,Red Burgundy ,,,,
Bordeaux (Red),Conseillante,10087462017,2017,1008746,Bordeaux 500,Right Bank 100,44.746389,-0.547778,470,
Bordeaux (Red),Conseillante,10087462016,2016,1008746,Bordeaux 500,Right Bank 100,44.746389,-0.547778,418,
Bordeaux (Red),Conseillante,10087462015,2015,1008746,Bordeaux 500,Right Bank 100,44.746389,-0.547778,353,
Bordeaux (Red),Conseillante,10087462014,2014,1008746,Bordeaux 500,Right Bank 100,44.746389,-0.547778,473,
Bordeaux (Red),Conseillante,10087462013,2013,1008746,Bordeaux 500,Right Bank 100,44.746389,-0.547778,526,
Bordeaux (Red),Conseillante,10087462012,2012,1008746,Bordeaux 500,Right Bank 100,44.746389,-0.547778,440,
Bordeaux (Red),Conseillante,10087462011,2011,1008746,Bordeaux 500,Right Bank 100,44.746389,-0.547778,269,
Bordeaux (Red),Conseillante,10087462010,2010,1008746,Bordeaux 500,Right Bank 100,44.746389,-0.547778,278,
Bordeaux (Red),Conseillante,10087462009,2009,1008746,Bordeaux 500,Right Bank 100,44.746389,-0.547778,420,
Bordeaux (Red),Conseillante,10087462008,2008,1008746,Bordeaux 500,Right Bank 100,44.746389,-0.547778,,
Bordeaux (Red),Cos d'Estournel,10087882017,2017,1008788,Bordeaux 500,Left Bank 200,45.2308,0.7758,470,
Bordeaux (Red),Cos d'Estournel,10087882016,2016,1008788,Bordeaux 500,Left Bank 200,45.2308,0.7758,418,
Bordeaux (Red),Cos d'Estournel,10087882015,2015,1008788,Bordeaux 500,Left Bank 200,45.2308,0.7758,353,
Bordeaux (Red),Cos d'Estournel,10087882014,2014,1008788,Bordeaux 500,Left Bank 200,45.2308,0.7758,473,
Bordeaux (Red),Cos d'Estournel,10087882013,2013,1008788,Bordeaux 500,Left Bank 200,45.2308,0.7758,526,
Bordeaux (Red),Cos d'Estournel,10087882012,2012,1008788,Bordeaux 500,Left Bank 200,45.2308,0.7758,440,
Bordeaux (Red),Cos d'Estournel,10087882011,2011,1008788,Bordeaux 500,Left Bank 200,45.2308,0.7758,269,
Bordeaux (Red),Cos d'Estournel,10087882010,2010,1008788,Bordeaux 500,Left Bank 200,45.2308,0.7758,278,
Bordeaux (Red),Cos d'Estournel,10087882009,2009,1008788,Bordeaux 500,Left Bank 200,45.2308,0.7758,420,
Bordeaux (Red),Cos d'Estournel,10087882008,2008,1008788,Bordeaux 500,Left Bank 200,45.2308,0.7758,,
Bordeaux (White),Coutet,10167922017,2017,1016792,Bordeaux 500,Sauternes 50,44.5947,0.326,470,
Bordeaux (White),Coutet,10167922016,2016,1016792,Bordeaux 500,Sauternes 50,44.5947,0.326,418,
Bordeaux (White),Coutet,10167922015,2015,1016792,Bordeaux 500,Sauternes 50,44.5947,0.326,353,
Bordeaux (White),Coutet,10167922014,2014,1016792,Bordeaux 500,Sauternes 50,44.5947,0.326,473,
Bordeaux (White),Coutet,10167922013,2013,1016792,Bordeaux 500,Sauternes 50,44.5947,0.326,526,
Bordeaux (White),Coutet,10167922012,2012,1016792,Bordeaux 500,Sauternes 50,44.5947,0.326,440,
Bordeaux (White),Coutet,10167922011,2011,1016792,Bordeaux 500,Sauternes 50,44.5947,0.326,269,
Bordeaux (White),Coutet,10167922010,2010,1016792,Bordeaux 500,Sauternes 50,44.5947,0.326,278,
Bordeaux (White),Coutet,10167922009,2009,1016792,Bordeaux 500,Sauternes 50,44.5947,0.326,420,
Bordeaux (White),Coutet,10167922008,2008,1016792,Bordeaux 500,Sauternes 50,44.5947,0.326,,
Burgundy (red),"Domaine Clos Tart, Clos Tart",10476482018,2018,1047648,Burgundy150,Red Burgundy ,,,,
Burgundy (red),"Domaine Clos Tart, Clos Tart",10476482017,2017,1047648,Burgundy150,Red Burgundy ,,,,
Burgundy (red),"Domaine Clos Tart, Clos Tart",10476482016,2016,1047648,Burgundy150,Red Burgundy ,,,,
Burgundy (red),"Domaine Clos Tart, Clos Tart",10476482015,2015,1047648,Burgundy150,Red Burgundy ,,,,
Burgundy (red),"Domaine Clos Tart, Clos Tart",10476482014,2014,1047648,Burgundy150,Red Burgundy ,,,,
Burgundy (red),"Domaine Clos Tart, Clos Tart",10476482013,2013,1047648,Burgundy150,Red Burgundy ,,,,
Burgundy (red),"Domaine Clos Tart, Clos Tart",10476482012,2012,1047648,Burgundy150,Red Burgundy ,,,,
Burgundy (red),"Domaine Clos Tart, Clos Tart",10476482011,2011,1047648,Burgundy150,Red Burgundy ,,,,
Burgundy (red),"Domaine Clos Tart, Clos Tart",10476482010,2010,1047648,Burgundy150,Red Burgundy ,,,,
Burgundy (red),"Domaine Clos Tart, Clos Tart",10476482009,2009,1047648,Burgundy150,Red Burgundy ,,,,
Rhone,"Domaine de la Janasse, Chateauneuf du Pape Vieilles Vignes",11139702017,2017,1113970,Rhone 100,Southern Rhone 50,,,,
Rhone,"Domaine de la Janasse, Chateauneuf du Pape Vieilles Vignes",11139702016,2016,1113970,Rhone 100,Southern Rhone 50,,,,
Rhone,"Domaine de la Janasse, Chateauneuf du Pape Vieilles Vignes",11139702015,2015,1113970,Rhone 100,Southern Rhone 50,,,,
Rhone,"Domaine de la Janasse, Chateauneuf du Pape Vieilles Vignes",11139702014,2014,1113970,Rhone 100,Southern Rhone 50,,,,
Rhone,"Domaine de la Janasse, Chateauneuf du Pape Vieilles Vignes",11139702013,2013,1113970,Rhone 100,Southern Rhone 50,,,,
Rhone,"Domaine de la Janasse, Chateauneuf du Pape Vieilles Vignes",11139702012,2012,1113970,Rhone 100,Southern Rhone 50,,,,
Rhone,"Domaine de la Janasse, Chateauneuf du Pape Vieilles Vignes",11139702011,2011,1113970,Rhone 100,Southern Rhone 50,,,,
Rhone,"Domaine de la Janasse, Chateauneuf du Pape Vieilles Vignes",11139702010,2010,1113970,Rhone 100,Southern Rhone 50,,,,
Rhone,"Domaine de la Janasse, Chateauneuf du Pape Vieilles Vignes",11139702009,2009,1113970,Rhone 100,Southern Rhone 50,,,,
Rhone,"Domaine de la Janasse, Chateauneuf du Pape Vieilles Vignes",11139702018,2018,1113970,Rhone 100,Southern Rhone 50,,,,
Rhone,"Domaine Jean Louis Chave, Hermitage",11100122017,2017,1110012,Rhone 100,Northern Rhone 50,,,,
Rhone,"Domaine Jean Louis Chave, Hermitage",11100122016,2016,1110012,Rhone 100,Northern Rhone 50,,,,
Rhone,"Domaine Jean Louis Chave, Hermitage",11100122015,2015,1110012,Rhone 100,Northern Rhone 50,,,,
Rhone,"Domaine Jean Louis Chave, Hermitage",11100122014,2014,1110012,Rhone 100,Northern Rhone 50,,,,
Rhone,"Domaine Jean Louis Chave, Hermitage",11100122013,2013,1110012,Rhone 100,Northern Rhone 50,,,,
Rhone,"Domaine Jean Louis Chave, Hermitage",11100122012,2012,1110012,Rhone 100,Northern Rhone 50,,,,
Rhone,"Domaine Jean Louis Chave, Hermitage",11100122011,2011,1110012,Rhone 100,Northern Rhone 50,,,,
Rhone,"Domaine Jean Louis Chave, Hermitage",11100122010,2010,1110012,Rhone 100,Northern Rhone 50,,,,
Rhone,"Domaine Jean Louis Chave, Hermitage",11100122009,2009,1110012,Rhone 100,Northern Rhone 50,,,,
Rhone,"Domaine Jean Louis Chave, Hermitage",11100122008,2008,1110012,Rhone 100,Northern Rhone 50,,,,
Burgundy (white),"Domaine Leflaive, Batard Montrachet",10733682018,2018,1073368,Burgundy150,White Burgundy ,,,,
Burgundy (White),"Domaine Leflaive, Batard Montrachet",10733682017,2017,1073368,Burgundy150,White Burgundy ,,,,
Burgundy (White),"Domaine Leflaive, Batard Montrachet",10733682016,2016,1073368,Burgundy150,White Burgundy ,,,,
Burgundy (White),"Domaine Leflaive, Batard Montrachet",10733682015,2015,1073368,Burgundy150,White Burgundy ,,,,
Burgundy (White),"Domaine Leflaive, Batard Montrachet",10733682014,2014,1073368,Burgundy150,White Burgundy ,,,,
Burgundy (White),"Domaine Leflaive, Batard Montrachet",10733682013,2013,1073368,Burgundy150,White Burgundy ,,,,
Burgundy (White),"Domaine Leflaive, Batard Montrachet",10733682012,2012,1073368,Burgundy150,White Burgundy ,,,,
Burgundy (White),"Domaine Leflaive, Batard Montrachet",10733682011,2011,1073368,Burgundy150,White Burgundy ,,,,
Burgundy (White),"Domaine Leflaive, Batard Montrachet",10733682010,2010,1073368,Burgundy150,White Burgundy ,,,,
Burgundy (White),"Domaine Leflaive, Batard Montrachet",10733682009,2009,1073368,Burgundy150,White Burgundy ,,,,
Burgundy (red),"Domaine Ponsot, Clos Roche Vv",10515082018,2018,1051508,Burgundy150,Red Burgundy ,,,,
Burgundy (red),"Domaine Ponsot, Clos Roche Vv",10515082017,2017,1051508,Burgundy150,Red Burgundy ,,,,
Burgundy (red),"Domaine Ponsot, Clos Roche Vv",10515082016,2016,1051508,Burgundy150,Red Burgundy ,,,,
Burgundy (red),"Domaine Ponsot, Clos Roche Vv",10515082015,2015,1051508,Burgundy150,Red Burgundy ,,,,
Burgundy (red),"Domaine Ponsot, Clos Roche Vv",10515082014,2014,1051508,Burgundy150,Red Burgundy ,,,,
Burgundy (red),"Domaine Ponsot, Clos Roche Vv",10515082013,2013,1051508,Burgundy150,Red Burgundy ,,,,
Burgundy (red),"Domaine Ponsot, Clos Roche Vv",10515082012,2012,1051508,Burgundy150,Red Burgundy ,,,,
Burgundy (red),"Domaine Ponsot, Clos Roche Vv",10515082011,2011,1051508,Burgundy150,Red Burgundy ,,,,
Burgundy (red),"Domaine Ponsot, Clos Roche Vv",10515082010,2010,1051508,Burgundy150,Red Burgundy ,,,,
Burgundy (red),"Domaine Ponsot, Clos Roche Vv",10515082009,2009,1051508,Burgundy150,Red Burgundy ,,,,
United States,Dominus,11227502017,2017,1122750,Rest of the World 60,Rest of the World ,,,,
United States,Dominus,11227502016,2016,1122750,Rest of the World 60,Rest of the World ,,,,
United States,Dominus,11227502015,2015,1122750,Rest of the World 60,Rest of the World ,,,,
United States,Dominus,11227502014,2014,1122750,Rest of the World 60,Rest of the World ,,,,
United States,Dominus,11227502013,2013,1122750,Rest of the World 60,Rest of the World ,,,,
United States,Dominus,11227502012,2012,1122750,Rest of the World 60,Rest of the World ,,,,
United States,Dominus,11227502011,2011,1122750,Rest of the World 60,Rest of the World ,,,,
United States,Dominus,11227502010,2010,1122750,Rest of the World 60,Rest of the World ,,,,
United States,Dominus,11227502009,2009,1122750,Rest of the World 60,Rest of the World ,,,,
United States,Dominus,11227502008,2008,1122750,Rest of the World 60,Rest of the World ,,,,
Burgundy (red),"DRC, Echezeaux",10286582017,2017,1028658,Burgundy150,DRC,,,,
Burgundy (red),"DRC, Echezeaux",10286582015,2015,1028658,Burgundy150,DRC,,,,
Burgundy (red),"DRC, Echezeaux",10286582014,2014,1028658,Burgundy150,DRC,,,,
Burgundy (red),"DRC, Echezeaux",10286582013,2013,1028658,Burgundy150,DRC,,,,
Burgundy (red),"DRC, Echezeaux",10286582012,2012,1028658,Burgundy150,DRC,,,,
Burgundy (red),"DRC, Echezeaux",10286582011,2011,1028658,Burgundy150,DRC,,,,
Burgundy (red),"DRC, Echezeaux",10286582010,2010,1028658,Burgundy150,DRC,,,,
Burgundy (red),"DRC, Echezeaux",10286582009,2009,1028658,Burgundy150,DRC,,,,
Burgundy (red),"DRC, Echezeaux",10286582008,2008,1028658,Burgundy150,DRC,,,,
Burgundy (red),"DRC, Echezeaux",10286582007,2007,1028658,Burgundy150,DRC,,,,
Burgundy (red),"DRC, Grands Echezeaux",10286612017,2017,1028661,Burgundy150,DRC,,,,
Burgundy (red),"DRC, Grands Echezeaux",10286612015,2015,1028661,Burgundy150,DRC,,,,
Burgundy (red),"DRC, Grands Echezeaux",10286612014,2014,1028661,Burgundy150,DRC,,,,
Burgundy (red),"DRC, Grands Echezeaux",10286612013,2013,1028661,Burgundy150,DRC,,,,
Burgundy (red),"DRC, Grands Echezeaux",10286612012,2012,1028661,Burgundy150,DRC,,,,
Burgundy (red),"DRC, Grands Echezeaux",10286612011,2011,1028661,Burgundy150,DRC,,,,
Burgundy (red),"DRC, Grands Echezeaux",10286612010,2010,1028661,Burgundy150,DRC,,,,
Burgundy (red),"DRC, Grands Echezeaux",10286612009,2009,1028661,Burgundy150,DRC,,,,
Burgundy (red),"DRC, Grands Echezeaux",10286612008,2008,1028661,Burgundy150,DRC,,,,
Burgundy (red),"DRC, Grands Echezeaux",10286612007,2007,1028661,Burgundy150,DRC,,,,
Burgundy (red),"DRC, Richebourg",10286742017,2017,1028674,Burgundy150,DRC,,,,
Burgundy (red),"DRC, Richebourg",10286742016,2016,1028674,Burgundy150,DRC,,,,
Burgundy (red),"DRC, Richebourg",10286742015,2015,1028674,Burgundy150,DRC,,,,
Burgundy (red),"DRC, Richebourg",10286742014,2014,1028674,Burgundy150,DRC,,,,
Burgundy (red),"DRC, Richebourg",10286742013,2013,1028674,Burgundy150,DRC,,,,
Burgundy (red),"DRC, Richebourg",10286742012,2012,1028674,Burgundy150,DRC,,,,
Burgundy (red),"DRC, Richebourg",10286742011,2011,1028674,Burgundy150,DRC,,,,
Burgundy (red),"DRC, Richebourg",10286742010,2010,1028674,Burgundy150,DRC,,,,
Burgundy (red),"DRC, Richebourg",10286742009,2009,1028674,Burgundy150,DRC,,,,
Burgundy (red),"DRC, Richebourg",10286742008,2008,1028674,Burgundy150,DRC,,,,
Burgundy (red),"DRC, Romanee Conti",10286872017,2017,1028687,Burgundy150,DRC,,,,
Burgundy (red),"DRC, Romanee Conti",10286872016,2016,1028687,Burgundy150,DRC,,,,
Burgundy (red),"DRC, Romanee Conti",10286872015,2015,1028687,Burgundy150,DRC,,,,
Burgundy (red),"DRC, Romanee Conti",10286872014,2014,1028687,Burgundy150,DRC,,,,
Burgundy (red),"DRC, Romanee Conti",10286872013,2013,1028687,Burgundy150,DRC,,,,
Burgundy (red),"DRC, Romanee Conti",10286872012,2012,1028687,Burgundy150,DRC,,,,
Burgundy (red),"DRC, Romanee Conti",10286872011,2011,1028687,Burgundy150,DRC,,,,
Burgundy (red),"DRC, Romanee Conti",10286872010,2010,1028687,Burgundy150,DRC,,,,
Burgundy (red),"DRC, Romanee Conti",10286872009,2009,1028687,Burgundy150,DRC,,,,
Burgundy (red),"DRC, Romanee Conti",10286872008,2008,1028687,Burgundy150,DRC,,,,
Burgundy (red),"DRC, Romanee Saint Vivant",10286902017,2017,1028690,Burgundy150,DRC,,,,
Burgundy (red),"DRC, Romanee Saint Vivant",10286902016,2016,1028690,Burgundy150,DRC,,,,
Burgundy (red),"DRC, Romanee Saint Vivant",10286902015,2015,1028690,Burgundy150,DRC,,,,
Burgundy (red),"DRC, Romanee Saint Vivant",10286902014,2014,1028690,Burgundy150,DRC,,,,
Burgundy (red),"DRC, Romanee Saint Vivant",10286902013,2013,1028690,Burgundy150,DRC,,,,
Burgundy (red),"DRC, Romanee Saint Vivant",10286902012,2012,1028690,Burgundy150,DRC,,,,
Burgundy (red),"DRC, Romanee Saint Vivant",10286902011,2011,1028690,Burgundy150,DRC,,,,
Burgundy (red),"DRC, Romanee Saint Vivant",10286902010,2010,1028690,Burgundy150,DRC,,,,
Burgundy (red),"DRC, Romanee Saint Vivant",10286902009,2009,1028690,Burgundy150,DRC,,,,
Burgundy (red),"DRC, Romanee Saint Vivant",10286902008,2008,1028690,Burgundy150,DRC,,,,
Burgundy (red),"DRC, Tache",10287042017,2017,1028704,Burgundy150,DRC,,,,
Burgundy (red),"DRC, Tache",10287042016,2016,1028704,Burgundy150,DRC,,,,
Burgundy (red),"DRC, Tache",10287042015,2015,1028704,Burgundy150,DRC,,,,
Burgundy (red),"DRC, Tache",10287042014,2014,1028704,Burgundy150,DRC,,,,
Burgundy (red),"DRC, Tache",10287042013,2013,1028704,Burgundy150,DRC,,,,
Burgundy (red),"DRC, Tache",10287042012,2012,1028704,Burgundy150,DRC,,,,
Burgundy (red),"DRC, Tache",10287042011,2011,1028704,Burgundy150,DRC,,,,
Burgundy (red),"DRC, Tache",10287042010,2010,1028704,Burgundy150,DRC,,,,
Burgundy (red),"DRC, Tache",10287042009,2009,1028704,Burgundy150,DRC,,,,
Burgundy (red),"DRC, Tache",10287042008,2008,1028704,Burgundy150,DRC,,,,
Bordeaux (Red),Ducru Beaucaillou,10094792017,2017,1009479,Bordeaux 500,Left Bank 200,45.1509,0.7346,470,
Bordeaux (Red),Ducru Beaucaillou,10094792016,2016,1009479,Bordeaux 500,Left Bank 200,45.1509,0.7346,418,
Bordeaux (Red),Ducru Beaucaillou,10094792015,2015,1009479,Bordeaux 500,Left Bank 200,45.1509,0.7346,353,
Bordeaux (Red),Ducru Beaucaillou,10094792014,2014,1009479,Bordeaux 500,Left Bank 200,45.1509,0.7346,473,
Bordeaux (Red),Ducru Beaucaillou,10094792013,2013,1009479,Bordeaux 500,Left Bank 200,45.1509,0.7346,526,
Bordeaux (Red),Ducru Beaucaillou,10094792012,2012,1009479,Bordeaux 500,Left Bank 200,45.1509,0.7346,440,
Bordeaux (Red),Ducru Beaucaillou,10094792011,2011,1009479,Bordeaux 500,Left Bank 200,45.1509,0.7346,269,
Bordeaux (Red),Ducru Beaucaillou,10094792010,2010,1009479,Bordeaux 500,Left Bank 200,45.1509,0.7346,278,
Bordeaux (Red),Ducru Beaucaillou,10094792009,2009,1009479,Bordeaux 500,Left Bank 200,45.1509,0.7346,420,
Bordeaux (Red),Ducru Beaucaillou,10094792008,2008,1009479,Bordeaux 500,Left Bank 200,45.1509,0.7346,,
Bordeaux (Red),Duhart Milon,10094822017,2017,1009482,Bordeaux 500,Left Bank 200,45.1979,-0.747,470,
Bordeaux (Red),Duhart Milon,10094822016,2016,1009482,Bordeaux 500,Left Bank 200,45.1979,-0.747,418,
Bordeaux (Red),Duhart Milon,10094822015,2015,1009482,Bordeaux 500,Left Bank 200,45.1979,-0.747,353,
Bordeaux (Red),Duhart Milon,10094822014,2014,1009482,Bordeaux 500,Left Bank 200,45.1979,-0.747,473,
Bordeaux (Red),Duhart Milon,10094822013,2013,1009482,Bordeaux 500,Left Bank 200,45.1979,-0.747,526,
Bordeaux (Red),Duhart Milon,10094822012,2012,1009482,Bordeaux 500,Left Bank 200,45.1979,-0.747,440,
Bordeaux (Red),Duhart Milon,10094822011,2011,1009482,Bordeaux 500,Left Bank 200,45.1979,-0.747,269,
Bordeaux (Red),Duhart Milon,10094822010,2010,1009482,Bordeaux 500,Left Bank 200,45.1979,-0.747,278,
Bordeaux (Red),Duhart Milon,10094822009,2009,1009482,Bordeaux 500,Left Bank 200,45.1979,-0.747,420,
Bordeaux (Red),Duhart Milon,10094822008,2008,1009482,Bordeaux 500,Left Bank 200,45.1979,-0.747,,
Bordeaux (Red),Eglise Clinet,10095672017,2017,1009567,Bordeaux 500,Right Bank 100,44.9328,-0.1992,470,
Bordeaux (Red),Eglise Clinet,10095672016,2016,1009567,Bordeaux 500,Right Bank 100,44.9328,-0.1992,418,
Bordeaux (Red),Eglise Clinet,10095672015,2015,1009567,Bordeaux 500,Right Bank 100,44.9328,-0.1992,353,
Bordeaux (Red),Eglise Clinet,10095672014,2014,1009567,Bordeaux 500,Right Bank 100,44.9328,-0.1992,473,
Bordeaux (Red),Eglise Clinet,10095672013,2013,1009567,Bordeaux 500,Right Bank 100,44.9328,-0.1992,526,
Bordeaux (Red),Eglise Clinet,10095672012,2012,1009567,Bordeaux 500,Right Bank 100,44.9328,-0.1992,440,
Bordeaux (Red),Eglise Clinet,10095672011,2011,1009567,Bordeaux 500,Right Bank 100,44.9328,-0.1992,269,
Bordeaux (Red),Eglise Clinet,10095672010,2010,1009567,Bordeaux 500,Right Bank 100,44.9328,-0.1992,278,
Bordeaux (Red),Eglise Clinet,10095672009,2009,1009567,Bordeaux 500,Right Bank 100,44.9328,-0.1992,420,
Bordeaux (Red),Eglise Clinet,10095672008,2008,1009567,Bordeaux 500,Right Bank 100,44.9328,-0.1992,,
Bordeaux (Red),Evangile,10096422017,2017,1009642,Bordeaux 500,Right Bank 100,44.9258,0.192,470,
Bordeaux (Red),Evangile,10096422016,2016,1009642,Bordeaux 500,Right Bank 100,44.9258,0.192,418,
Bordeaux (Red),Evangile,10096422015,2015,1009642,Bordeaux 500,Right Bank 100,44.9258,0.192,353,
Bordeaux (Red),Evangile,10096422014,2014,1009642,Bordeaux 500,Right Bank 100,44.9258,0.192,473,
Bordeaux (Red),Evangile,10096422013,2013,1009642,Bordeaux 500,Right Bank 100,44.9258,0.192,526,
Bordeaux (Red),Evangile,10096422012,2012,1009642,Bordeaux 500,Right Bank 100,44.9258,0.192,440,
Bordeaux (Red),Evangile,10096422011,2011,1009642,Bordeaux 500,Right Bank 100,44.9258,0.192,269,
Bordeaux (Red),Evangile,10096422010,2010,1009642,Bordeaux 500,Right Bank 100,44.9258,0.192,278,
Bordeaux (Red),Evangile,10096422009,2009,1009642,Bordeaux 500,Right Bank 100,44.9258,0.192,420,
Bordeaux (Red),Evangile,10096422008,2008,1009642,Bordeaux 500,Right Bank 100,44.9258,0.192,,
Bordeaux (Red),Fleur Petrus,10101072017,2017,1010107,Bordeaux 500,Right Bank 100,44.93061,-0.20013,470,
Bordeaux (Red),Fleur Petrus,10101072016,2016,1010107,Bordeaux 500,Right Bank 100,44.93061,-0.20013,418,
Bordeaux (Red),Fleur Petrus,10101072015,2015,1010107,Bordeaux 500,Right Bank 100,44.93061,-0.20013,353,
Bordeaux (Red),Fleur Petrus,10101072014,2014,1010107,Bordeaux 500,Right Bank 100,44.93061,-0.20013,473,
Bordeaux (Red),Fleur Petrus,10101072013,2013,1010107,Bordeaux 500,Right Bank 100,44.93061,-0.20013,526,
Bordeaux (Red),Fleur Petrus,10101072012,2012,1010107,Bordeaux 500,Right Bank 100,44.93061,-0.20013,440,
Bordeaux (Red),Fleur Petrus,10101072011,2011,1010107,Bordeaux 500,Right Bank 100,44.93061,-0.20013,269,
Bordeaux (Red),Fleur Petrus,10101072010,2010,1010107,Bordeaux 500,Right Bank 100,44.93061,-0.20013,278,
Bordeaux (Red),Fleur Petrus,10101072009,2009,1010107,Bordeaux 500,Right Bank 100,44.93061,-0.20013,420,
Bordeaux (Red),Fleur Petrus,10101072008,2008,1010107,Bordeaux 500,Right Bank 100,44.93061,-0.20013,,
Bordeaux (Red),Forts Latour,10103092014,2014,1010309,Bordeaux 500,Second Wines 50 ,43.8725,3.0305,473,
Bordeaux (Red),Forts Latour,10103092013,2013,1010309,Bordeaux 500,Second Wines 50 ,43.8725,3.0305,526,
Bordeaux (Red),Forts Latour,10103092012,2012,1010309,Bordeaux 500,Second Wines 50 ,43.8725,3.0305,440,
Bordeaux (Red),Forts Latour,10103092011,2011,1010309,Bordeaux 500,Second Wines 50 ,43.8725,3.0305,269,
Bordeaux (Red),Forts Latour,10103092010,2010,1010309,Bordeaux 500,Second Wines 50 ,43.8725,3.0305,278,
Bordeaux (Red),Forts Latour,10103092009,2009,1010309,Bordeaux 500,Second Wines 50 ,43.8725,3.0305,420,
Bordeaux (Red),Forts Latour,10103092008,2008,1010309,Bordeaux 500,Second Wines 50 ,43.8725,3.0305,,
Bordeaux (Red),Forts Latour,10103092007,2007,1010309,Bordeaux 500,Second Wines 50 ,43.8725,3.0305,,
Bordeaux (Red),Forts Latour,10103092006,2006,1010309,Bordeaux 500,Second Wines 50 ,43.8725,3.0305,,
Bordeaux (Red),Forts Latour,10103092005,2005,1010309,Bordeaux 500,Second Wines 50 ,43.8725,3.0305,,
Italy,"Gaja, Barbaresco",10996052017,2017,1099605,Italy 100,Italy,,,,
Italy,"Gaja, Barbaresco",10996052016,2016,1099605,Italy 100,Italy,,,,
Italy,"Gaja, Barbaresco",10996052015,2015,1099605,Italy 100,Italy,,,,
Italy,"Gaja, Barbaresco",10996052014,2014,1099605,Italy 100,Italy,,,,
Italy,"Gaja, Barbaresco",10996052013,2013,1099605,Italy 100,Italy,,,,
Italy,"Gaja, Barbaresco",10996052012,2012,1099605,Italy 100,Italy,,,,
Italy,"Gaja, Barbaresco",10996052011,2011,1099605,Italy 100,Italy,,,,
Italy,"Gaja, Barbaresco",10996052010,2010,1099605,Italy 100,Italy,,,,
Italy,"Gaja, Barbaresco",10996052009,2009,1099605,Italy 100,Italy,,,,
Italy,"Gaja, Barbaresco",10996052008,2008,1099605,Italy 100,Italy,,,,
Italy,"Gaja, Sori San Lorenzo",11748892017,2017,1174889,Italy 100,Italy,,,,
Italy,"Gaja, Sori San Lorenzo",11748892016,2016,1174889,Italy 100,Italy,,,,
Italy,"Gaja, Sori San Lorenzo",11748892015,2015,1174889,Italy 100,Italy,,,,
Italy,"Gaja, Sori San Lorenzo",11748892014,2014,1174889,Italy 100,Italy,,,,
Italy,"Gaja, Sori San Lorenzo",11748892013,2013,1174889,Italy 100,Italy,,,,
Italy,"Gaja, Sori San Lorenzo",11748892011,2011,1174889,Italy 100,Italy,,,,
Italy,"Gaja, Sori San Lorenzo",11748892010,2010,1174889,Italy 100,Italy,,,,
Italy,"Gaja, Sori San Lorenzo",11748892009,2009,1174889,Italy 100,Italy,,,,
Italy,"Gaja, Sori San Lorenzo",11748892008,2008,1174889,Italy 100,Italy,,,,
Italy,"Gaja, Sori San Lorenzo",11748892007,2007,1174889,Italy 100,Italy,,,,
Italy,"Gaja, Sperss",10996342016,2016,1099634,Italy 100,Italy,,,,
Italy,"Gaja, Sperss",10996342015,2015,1099634,Italy 100,Italy,,,,
Italy,"Gaja, Sperss",10996342014,2014,1099634,Italy 100,Italy,,,,
Italy,"Gaja, Sperss",10996342013,2013,1099634,Italy 100,Italy,,,,
Italy,"Gaja, Sperss",10996342011,2011,1099634,Italy 100,Italy,,,,
Italy,"Gaja, Sperss",10996342010,2010,1099634,Italy 100,Italy,,,,
Italy,"Gaja, Sperss",10996342009,2009,1099634,Italy 100,Italy,,,,
Italy,"Gaja, Sperss",10996342008,2008,1099634,Italy 100,Italy,,,,
Italy,"Gaja, Sperss",10996342007,2007,1099634,Italy 100,Italy,,,,
Italy,"Gaja, Sperss",10996342006,2006,1099634,Italy 100,Italy,,,,
Burgundy (red),"Georges Roumier, Bonnes Mares",10567892018,2018,1056789,Burgundy150,Red Burgundy ,,,,
Burgundy (red),"Georges Roumier, Bonnes Mares",10567892017,2017,1056789,Burgundy150,Red Burgundy ,,,,
Burgundy (red),"Georges Roumier, Bonnes Mares",10567892016,2016,1056789,Burgundy150,Red Burgundy ,,,,
Burgundy (red),"Georges Roumier, Bonnes Mares",10567892015,2015,1056789,Burgundy150,Red Burgundy ,,,,
Burgundy (red),"Georges Roumier, Bonnes Mares",10567892014,2014,1056789,Burgundy150,Red Burgundy ,,,,
Burgundy (red),"Georges Roumier, Bonnes Mares",10567892013,2013,1056789,Burgundy150,Red Burgundy ,,,,
Burgundy (red),"Georges Roumier, Bonnes Mares",10567892012,2012,1056789,Burgundy150,Red Burgundy ,,,,
Burgundy (red),"Georges Roumier, Bonnes Mares",10567892011,2011,1056789,Burgundy150,Red Burgundy ,,,,
Burgundy (red),"Georges Roumier, Bonnes Mares",10567892010,2010,1056789,Burgundy150,Red Burgundy ,,,,
Burgundy (red),"Georges Roumier, Bonnes Mares",10567892009,2009,1056789,Burgundy150,Red Burgundy ,,,,
Italy,"Giacomo Conterno, Barolo Riserva Monfortino",10984352014,2014,1098435,Italy 100,Italy,,,,
Italy,"Giacomo Conterno, Barolo Riserva Monfortino",10984352013,2013,1098435,Italy 100,Italy,,,,
Italy,"Giacomo Conterno, Barolo Riserva Monfortino",10984352010,2010,1098435,Italy 100,Italy,,,,
Italy,"Giacomo Conterno, Barolo Riserva Monfortino",10984352008,2008,1098435,Italy 100,Italy,,,,
Italy,"Giacomo Conterno, Barolo Riserva Monfortino",10984352006,2006,1098435,Italy 100,Italy,,,,
Italy,"Giacomo Conterno, Barolo Riserva Monfortino",10984352005,2005,1098435,Italy 100,Italy,,,,
Italy,"Giacomo Conterno, Barolo Riserva Monfortino",10984352004,2004,1098435,Italy 100,Italy,,,,
Italy,"Giacomo Conterno, Barolo Riserva Monfortino",10984352002,2002,1098435,Italy 100,Italy,,,,
Italy,"Giacomo Conterno, Barolo Riserva Monfortino",10984352001,2001,1098435,Italy 100,Italy,,,,
Italy,"Giacomo Conterno, Barolo Riserva Monfortino",10984352000,2000,1098435,Italy 100,Italy,,,,
Bordeaux (Red),Grand Puy Lacoste,10107872017,2017,1010787,Bordeaux 500,Left Bank 200,45.189545,-0.766758,470,
Bordeaux (Red),Grand Puy Lacoste,10107872016,2016,1010787,Bordeaux 500,Left Bank 200,45.189545,-0.766758,418,
Bordeaux (Red),Grand Puy Lacoste,10107872015,2015,1010787,Bordeaux 500,Left Bank 200,45.189545,-0.766758,353,
Bordeaux (Red),Grand Puy Lacoste,10107872014,2014,1010787,Bordeaux 500,Left Bank 200,45.189545,-0.766758,473,
Bordeaux (Red),Grand Puy Lacoste,10107872013,2013,1010787,Bordeaux 500,Left Bank 200,45.189545,-0.766758,526,
Bordeaux (Red),Grand Puy Lacoste,10107872012,2012,1010787,Bordeaux 500,Left Bank 200,45.189545,-0.766758,440,
Bordeaux (Red),Grand Puy Lacoste,10107872011,2011,1010787,Bordeaux 500,Left Bank 200,45.189545,-0.766758,269,
Bordeaux (Red),Grand Puy Lacoste,10107872010,2010,1010787,Bordeaux 500,Left Bank 200,45.189545,-0.766758,278,
Bordeaux (Red),Grand Puy Lacoste,10107872009,2009,1010787,Bordeaux 500,Left Bank 200,45.189545,-0.766758,420,
Bordeaux (Red),Grand Puy Lacoste,10107872008,2008,1010787,Bordeaux 500,Left Bank 200,45.189545,-0.766758,,
Bordeaux (Red),Gruaud Larose,10110742017,2017,1011074,Bordeaux 500,Left Bank 200,45.1445,0.7509,470,
Bordeaux (Red),Gruaud Larose,10110742016,2016,1011074,Bordeaux 500,Left Bank 200,45.1445,0.7509,418,
Bordeaux (Red),Gruaud Larose,10110742015,2015,1011074,Bordeaux 500,Left Bank 200,45.1445,0.7509,353,
Bordeaux (Red),Gruaud Larose,10110742014,2014,1011074,Bordeaux 500,Left Bank 200,45.1445,0.7509,473,
Bordeaux (Red),Gruaud Larose,10110742013,2013,1011074,Bordeaux 500,Left Bank 200,45.1445,0.7509,526,
Bordeaux (Red),Gruaud Larose,10110742012,2012,1011074,Bordeaux 500,Left Bank 200,45.1445,0.7509,440,
Bordeaux (Red),Gruaud Larose,10110742011,2011,1011074,Bordeaux 500,Left Bank 200,45.1445,0.7509,269,
Bordeaux (Red),Gruaud Larose,10110742010,2010,1011074,Bordeaux 500,Left Bank 200,45.1445,0.7509,278,
Bordeaux (Red),Gruaud Larose,10110742009,2009,1011074,Bordeaux 500,Left Bank 200,45.1445,0.7509,420,
Bordeaux (Red),Gruaud Larose,10110742008,2008,1011074,Bordeaux 500,Left Bank 200,45.1445,0.7509,,
Rhone,"Guigal, Cote Rotie Ampuis",11131722016,2016,1113172,Rhone 100,Northern Rhone 50,,,,
Rhone,"Guigal, Cote Rotie Ampuis",11131722015,2015,1113172,Rhone 100,Northern Rhone 50,,,,
Rhone,"Guigal, Cote Rotie Ampuis",11131722014,2014,1113172,Rhone 100,Northern Rhone 50,,,,
Rhone,"Guigal, Cote Rotie Ampuis",11131722013,2013,1113172,Rhone 100,Northern Rhone 50,,,,
Rhone,"Guigal, Cote Rotie Ampuis",11131722012,2012,1113172,Rhone 100,Northern Rhone 50,,,,
Rhone,"Guigal, Cote Rotie Ampuis",11131722011,2011,1113172,Rhone 100,Northern Rhone 50,,,,
Rhone,"Guigal, Cote Rotie Ampuis",11131722010,2010,1113172,Rhone 100,Northern Rhone 50,,,,
Rhone,"Guigal, Cote Rotie Ampuis",11131722009,2009,1113172,Rhone 100,Northern Rhone 50,,,,
Rhone,"Guigal, Cote Rotie Ampuis",11131722008,2008,1113172,Rhone 100,Northern Rhone 50,,,,
Rhone,"Guigal, Cote Rotie Ampuis",11131722007,2007,1113172,Rhone 100,Northern Rhone 50,,,,
Rhone,"Guigal, Cote Rotie Landonne",11131982016,2016,1113198,Rhone 100,Northern Rhone 50,,,,
Rhone,"Guigal, Cote Rotie Landonne",11131982015,2015,1113198,Rhone 100,Northern Rhone 50,,,,
Rhone,"Guigal, Cote Rotie Landonne",11131982014,2014,1113198,Rhone 100,Northern Rhone 50,,,,
Rhone,"Guigal, Cote Rotie Landonne",11131982013,2013,1113198,Rhone 100,Northern Rhone 50,,,,
Rhone,"Guigal, Cote Rotie Landonne",11131982012,2012,1113198,Rhone 100,Northern Rhone 50,,,,
Rhone,"Guigal, Cote Rotie Landonne",11131982011,2011,1113198,Rhone 100,Northern Rhone 50,,,,
Rhone,"Guigal, Cote Rotie Landonne",11131982010,2010,1113198,Rhone 100,Northern Rhone 50,,,,
Rhone,"Guigal, Cote Rotie Landonne",11131982009,2009,1113198,Rhone 100,Northern Rhone 50,,,,
Rhone,"Guigal, Cote Rotie Landonne",11131982008,2008,1113198,Rhone 100,Northern Rhone 50,,,,
Rhone,"Guigal, Cote Rotie Landonne",11131982007,2007,1113198,Rhone 100,Northern Rhone 50,,,,
Bordeaux (Red),Haut Bailly,10111912017,2017,1011191,Bordeaux 500,Left Bank 200,44.7333,0.581,470,
Bordeaux (Red),Haut Bailly,10111912016,2016,1011191,Bordeaux 500,Left Bank 200,44.7333,0.581,418,
Bordeaux (Red),Haut Bailly,10111912015,2015,1011191,Bordeaux 500,Left Bank 200,44.7333,0.581,353,
Bordeaux (Red),Haut Bailly,10111912014,2014,1011191,Bordeaux 500,Left Bank 200,44.7333,0.581,473,
Bordeaux (Red),Haut Bailly,10111912013,2013,1011191,Bordeaux 500,Left Bank 200,44.7333,0.581,526,
Bordeaux (Red),Haut Bailly,10111912012,2012,1011191,Bordeaux 500,Left Bank 200,44.7333,0.581,440,
Bordeaux (Red),Haut Bailly,10111912011,2011,1011191,Bordeaux 500,Left Bank 200,44.7333,0.581,269,
Bordeaux (Red),Haut Bailly,10111912010,2010,1011191,Bordeaux 500,Left Bank 200,44.7333,0.581,278,
Bordeaux (Red),Haut Bailly,10111912009,2009,1011191,Bordeaux 500,Left Bank 200,44.7333,0.581,420,
Bordeaux (Red),Haut Bailly,10111912008,2008,1011191,Bordeaux 500,Left Bank 200,44.7333,0.581,,
Bordeaux (Red),Haut Brion,10112472017,2017,1011247,Bordeaux 500,Fine Wine 50,44.7312,-0.5853,470,
Bordeaux (Red),Haut Brion,10112472016,2016,1011247,Bordeaux 500,Fine Wine 50,44.7312,-0.5853,418,
Bordeaux (Red),Haut Brion,10112472015,2015,1011247,Bordeaux 500,Fine Wine 50,44.7312,-0.5853,353,
Bordeaux (Red),Haut Brion,10112472014,2014,1011247,Bordeaux 500,Fine Wine 50,44.7312,-0.5853,473,
Bordeaux (Red),Haut Brion,10112472013,2013,1011247,Bordeaux 500,Fine Wine 50,44.7312,-0.5853,526,
Bordeaux (Red),Haut Brion,10112472012,2012,1011247,Bordeaux 500,Fine Wine 50,44.7312,-0.5853,440,
Bordeaux (Red),Haut Brion,10112472011,2011,1011247,Bordeaux 500,Fine Wine 50,44.7312,-0.5853,269,
Bordeaux (Red),Haut Brion,10112472010,2010,1011247,Bordeaux 500,Fine Wine 50,44.7312,-0.5853,278,
Bordeaux (Red),Haut Brion,10112472009,2009,1011247,Bordeaux 500,Fine Wine 50,44.7312,-0.5853,420,
Bordeaux (Red),Haut Brion,10112472008,2008,1011247,Bordeaux 500,Fine Wine 50,44.7312,-0.5853,,
Bordeaux (Red),Haut Brion,10112472000,2000,1011247,Bordeaux Legends 40,Bordeaux Legends ,,,,
Bordeaux (Red),Haut Brion,10112471998,1998,1011247,Bordeaux Legends 40,Bordeaux Legends ,,,,
Bordeaux (Red),Haut Brion,10112471995,1995,1011247,Bordeaux Legends 40,Bordeaux Legends ,,,,
Bordeaux (Red),Haut Brion,10112471990,1990,1011247,Bordeaux Legends 40,Bordeaux Legends ,,,,
Bordeaux (Red),Haut Brion,10112471989,1989,1011247,Bordeaux Legends 40,Bordeaux Legends ,,,,
Burgundy (white),"Joseph Drouhin, Montrachet Marquis Laguiche",10674202018,2018,1067420,Burgundy150,White Burgundy ,,,,
Burgundy (White),"Joseph Drouhin, Montrachet Marquis Laguiche",10674202017,2017,1067420,Burgundy150,White Burgundy ,,,,
Burgundy (White),"Joseph Drouhin, Montrachet Marquis Laguiche",10674202016,2016,1067420,Burgundy150,White Burgundy ,,,,
Burgundy (White),"Joseph Drouhin, Montrachet Marquis Laguiche",10674202015,2015,1067420,Burgundy150,White Burgundy ,,,,
Burgundy (White),"Joseph Drouhin, Montrachet Marquis Laguiche",10674202014,2014,1067420,Burgundy150,White Burgundy ,,,,
Burgundy (White),"Joseph Drouhin, Montrachet Marquis Laguiche",10674202013,2013,1067420,Burgundy150,White Burgundy ,,,,
Burgundy (White),"Joseph Drouhin, Montrachet Marquis Laguiche",10674202012,2012,1067420,Burgundy150,White Burgundy ,,,,
Burgundy (White),"Joseph Drouhin, Montrachet Marquis Laguiche",10674202011,2011,1067420,Burgundy150,White Burgundy ,,,,
Burgundy (White),"Joseph Drouhin, Montrachet Marquis Laguiche",10674202010,2010,1067420,Burgundy150,White Burgundy ,,,,
Burgundy (White),"Joseph Drouhin, Montrachet Marquis Laguiche",10674202009,2009,1067420,Burgundy150,White Burgundy ,,,,
Champagne,"Krug, Vintage Brut",13169352006,2006,1316935,Champagne 50,Champagne ,,,,
Champagne,"Krug, Vintage Brut",13169352004,2004,1316935,Champagne 50,Champagne ,,,,
Champagne,"Krug, Vintage Brut",13169352003,2003,1316935,Champagne 50,Champagne ,,,,
Champagne,"Krug, Vintage Brut",13169352002,2002,1316935,Champagne 50,Champagne ,,,,
Champagne,"Krug, Vintage Brut",13169352000,2000,1316935,Champagne 50,Champagne ,,,,
Champagne,"Krug, Vintage Brut",13169351998,1998,1316935,Champagne 50,Champagne ,,,,
Bordeaux (Red),Lafite Rothschild,10118722017,2017,1011872,Bordeaux 500,Fine Wine 50,45.2242,-0.7717,470,
Bordeaux (Red),Lafite Rothschild,10118722016,2016,1011872,Bordeaux 500,Fine Wine 50,45.2242,-0.7717,418,
Bordeaux (Red),Lafite Rothschild,10118722015,2015,1011872,Bordeaux 500,Fine Wine 50,45.2242,-0.7717,353,
Bordeaux (Red),Lafite Rothschild,10118722014,2014,1011872,Bordeaux 500,Fine Wine 50,45.2242,-0.7717,473,
Bordeaux (Red),Lafite Rothschild,10118722013,2013,1011872,Bordeaux 500,Fine Wine 50,45.2242,-0.7717,526,
Bordeaux (Red),Lafite Rothschild,10118722012,2012,1011872,Bordeaux 500,Fine Wine 50,45.2242,-0.7717,440,
Bordeaux (Red),Lafite Rothschild,10118722011,2011,1011872,Bordeaux 500,Fine Wine 50,45.2242,-0.7717,269,
Bordeaux (Red),Lafite Rothschild,10118722010,2010,1011872,Bordeaux 500,Fine Wine 50,45.2242,-0.7717,278,
Bordeaux (Red),Lafite Rothschild,10118722009,2009,1011872,Bordeaux 500,Fine Wine 50,45.2242,-0.7717,420,
Bordeaux (Red),Lafite Rothschild,10118722008,2008,1011872,Bordeaux 500,Fine Wine 50,45.2242,-0.7717,,
Bordeaux (Red),Lafite Rothschild,10118722003,2003,1011872,Bordeaux Legends 40,Bordeaux Legends ,,,,
Bordeaux (Red),Lafite Rothschild,10118722000,2000,1011872,Bordeaux Legends 40,Bordeaux Legends ,,,,
Bordeaux (Red),Lafite Rothschild,10118721998,1998,1011872,Bordeaux Legends 40,Bordeaux Legends ,,,,
Bordeaux (Red),Lafite Rothschild,10118721996,1996,1011872,Bordeaux Legends 40,Bordeaux Legends ,,,,
Bordeaux (Red),Lafleur,10119022017,2017,1011902,Bordeaux 500,Right Bank 50,44.953112,-0.164187,470,
Bordeaux (Red),Lafleur,10119022016,2016,1011902,Bordeaux 500,Right Bank 50,44.953112,-0.164187,418,
Bordeaux (Red),Lafleur,10119022015,2015,1011902,Bordeaux 500,Right Bank 50,44.953112,-0.164187,353,
Bordeaux (Red),Lafleur,10119022014,2014,1011902,Bordeaux 500,Right Bank 50,44.953112,-0.164187,473,
Bordeaux (Red),Lafleur,10119022013,2013,1011902,Bordeaux 500,Right Bank 50,44.953112,-0.164187,526,
Bordeaux (Red),Lafleur,10119022012,2012,1011902,Bordeaux 500,Right Bank 50,44.953112,-0.164187,440,
Bordeaux (Red),Lafleur,10119022011,2011,1011902,Bordeaux 500,Right Bank 50,44.953112,-0.164187,269,
Bordeaux (Red),Lafleur,10119022010,2010,1011902,Bordeaux 500,Right Bank 50,44.953112,-0.164187,278,
Bordeaux (Red),Lafleur,10119022009,2009,1011902,Bordeaux 500,Right Bank 50,44.953112,-0.164187,420,
Bordeaux (Red),Lafleur,10119022008,2008,1011902,Bordeaux 500,Right Bank 50,44.953112,-0.164187,,
Bordeaux (Red),Lafleur,10119022000,2000,1011902,Bordeaux Legends 40,Bordeaux Legends ,,,,
Bordeaux (Red),Latour,10123162012,2012,1012316,Bordeaux 500,Fine Wine 50,43.8725,3.0305,440,
Bordeaux (Red),Latour,10123162011,2011,1012316,Bordeaux 500,Fine Wine 50,43.8725,3.0305,269,
Bordeaux (Red),Latour,10123162010,2010,1012316,Bordeaux 500,Fine Wine 50,43.8725,3.0305,278,
Bordeaux (Red),Latour,10123162009,2009,1012316,Bordeaux 500,Fine Wine 50,43.8725,3.0305,420,
Bordeaux (Red),Latour,10123162008,2008,1012316,Bordeaux 500,Fine Wine 50,43.8725,3.0305,,
Bordeaux (Red),Latour,10123162007,2007,1012316,Bordeaux 500,Fine Wine 50,43.8725,3.0305,,
Bordeaux (Red),Latour,10123162006,2006,1012316,Bordeaux 500,Fine Wine 50,43.8725,3.0305,,
Bordeaux (Red),Latour,10123162005,2005,1012316,Bordeaux 500,Fine Wine 50,43.8725,3.0305,,
Bordeaux (Red),Latour,10123162004,2004,1012316,Bordeaux 500,Fine Wine 50,43.8725,3.0305,,
Bordeaux (Red),Latour,10123162003,2003,1012316,Bordeaux 500,Fine Wine 50,43.8725,3.0305,,
Bordeaux (Red),Latour,10123162000,2000,1012316,Bordeaux Legends 40,Bordeaux Legends ,,,,
Bordeaux (Red),Latour,10123161996,1996,1012316,Bordeaux Legends 40,Bordeaux Legends ,,,,
Bordeaux (Red),Latour,10123161990,1990,1012316,Bordeaux Legends 40,Bordeaux Legends ,,,,
Bordeaux (Red),Leoville Barton,10123612017,2017,1012361,Bordeaux 500,Left Bank 200,45.15739,-0.73925,470,
Bordeaux (Red),Leoville Barton,10123612016,2016,1012361,Bordeaux 500,Left Bank 200,45.15739,-0.73925,418,
Bordeaux (Red),Leoville Barton,10123612015,2015,1012361,Bordeaux 500,Left Bank 200,45.15739,-0.73925,353,
Bordeaux (Red),Leoville Barton,10123612014,2014,1012361,Bordeaux 500,Left Bank 200,45.15739,-0.73925,473,
Bordeaux (Red),Leoville Barton,10123612013,2013,1012361,Bordeaux 500,Left Bank 200,45.15739,-0.73925,526,
Bordeaux (Red),Leoville Barton,10123612012,2012,1012361,Bordeaux 500,Left Bank 200,45.15739,-0.73925,440,
Bordeaux (Red),Leoville Barton,10123612011,2011,1012361,Bordeaux 500,Left Bank 200,45.15739,-0.73925,269,
Bordeaux (Red),Leoville Barton,10123612010,2010,1012361,Bordeaux 500,Left Bank 200,45.15739,-0.73925,278,
Bordeaux (Red),Leoville Barton,10123612009,2009,1012361,Bordeaux 500,Left Bank 200,45.15739,-0.73925,420,
Bordeaux (Red),Leoville Barton,10123612008,2008,1012361,Bordeaux 500,Left Bank 200,45.15739,-0.73925,,
Bordeaux (Red),Leoville Las Cases,10123742017,2017,1012374,Bordeaux 500,Left Bank 200,45.16371,-0.74041,470,
Bordeaux (Red),Leoville Las Cases,10123742016,2016,1012374,Bordeaux 500,Left Bank 200,45.16371,-0.74041,418,
Bordeaux (Red),Leoville Las Cases,10123742015,2015,1012374,Bordeaux 500,Left Bank 200,45.16371,-0.74041,353,
Bordeaux (Red),Leoville Las Cases,10123742014,2014,1012374,Bordeaux 500,Left Bank 200,45.16371,-0.74041,473,
Bordeaux (Red),Leoville Las Cases,10123742013,2013,1012374,Bordeaux 500,Left Bank 200,45.16371,-0.74041,526,
Bordeaux (Red),Leoville Las Cases,10123742012,2012,1012374,Bordeaux 500,Left Bank 200,45.16371,-0.74041,440,
Bordeaux (Red),Leoville Las Cases,10123742011,2011,1012374,Bordeaux 500,Left Bank 200,45.16371,-0.74041,269,
Bordeaux (Red),Leoville Las Cases,10123742010,2010,1012374,Bordeaux 500,Left Bank 200,45.16371,-0.74041,278,
Bordeaux (Red),Leoville Las Cases,10123742009,2009,1012374,Bordeaux 500,Left Bank 200,45.16371,-0.74041,420,
Bordeaux (Red),Leoville Las Cases,10123742008,2008,1012374,Bordeaux 500,Left Bank 200,45.16371,-0.74041,,
Bordeaux (Red),Leoville Las Cases,10123742000,2000,1012374,Bordeaux Legends 40,Bordeaux Legends ,,,,
Bordeaux (Red),Leoville Las Cases,10123741996,1996,1012374,Bordeaux Legends 40,Bordeaux Legends ,,,,
Bordeaux (Red),Leoville Poyferre,10123872017,2017,1012387,Bordeaux 500,Left Bank 200,45.16409,-0.74048,470,
Bordeaux (Red),Leoville Poyferre,10123872016,2016,1012387,Bordeaux 500,Left Bank 200,45.16409,-0.74048,418,
Bordeaux (Red),Leoville Poyferre,10123872015,2015,1012387,Bordeaux 500,Left Bank 200,45.16409,-0.74048,353,
Bordeaux (Red),Leoville Poyferre,10123872014,2014,1012387,Bordeaux 500,Left Bank 200,45.16409,-0.74048,473,
Bordeaux (Red),Leoville Poyferre,10123872013,2013,1012387,Bordeaux 500,Left Bank 200,45.16409,-0.74048,526,
Bordeaux (Red),Leoville Poyferre,10123872012,2012,1012387,Bordeaux 500,Left Bank 200,45.16409,-0.74048,440,
Bordeaux (Red),Leoville Poyferre,10123872011,2011,1012387,Bordeaux 500,Left Bank 200,45.16409,-0.74048,269,
Bordeaux (Red),Leoville Poyferre,10123872010,2010,1012387,Bordeaux 500,Left Bank 200,45.16409,-0.74048,278,
Bordeaux (Red),Leoville Poyferre,10123872009,2009,1012387,Bordeaux 500,Left Bank 200,45.16409,-0.74048,420,
Bordeaux (Red),Leoville Poyferre,10123872008,2008,1012387,Bordeaux 500,Left Bank 200,45.16409,-0.74048,,
Bordeaux (Red),Leoville Poyferre,10123871990,1990,1012387,Bordeaux Legends 40,Bordeaux Legends ,,,,
Champagne,"Louis Roederer, Cristal",10825422012,2012,1082542,Champagne 50,Champagne ,,,,
Champagne,"Louis Roederer, Cristal",10825422009,2009,1082542,Champagne 50,Champagne ,,,,
Champagne,"Louis Roederer, Cristal",10825422008,2008,1082542,Champagne 50,Champagne ,,,,
Champagne,"Louis Roederer, Cristal",10825422007,2007,1082542,Champagne 50,Champagne ,,,,
Champagne,"Louis Roederer, Cristal",10825422006,2006,1082542,Champagne 50,Champagne ,,,,
Champagne,"Louis Roederer, Cristal",10825422005,2005,1082542,Champagne 50,Champagne ,,,,
Champagne,"Louis Roederer, Cristal Rose",10825552012,2012,1082555,Champagne 50,Champagne ,,,,
Champagne,"Louis Roederer, Cristal Rose",10825552009,2009,1082555,Champagne 50,Champagne ,,,,
Champagne,"Louis Roederer, Cristal Rose",10825552008,2008,1082555,Champagne 50,Champagne ,,,,
Champagne,"Louis Roederer, Cristal Rose",10825552007,2007,1082555,Champagne 50,Champagne ,,,,
Bordeaux (Red),Lynch Bages,10125762017,2017,1012576,Bordeaux 500,Left Bank 200,45.19083,-0.75561,470,
Bordeaux (Red),Lynch Bages,10125762016,2016,1012576,Bordeaux 500,Left Bank 200,45.19083,-0.75561,418,
Bordeaux (Red),Lynch Bages,10125762015,2015,1012576,Bordeaux 500,Left Bank 200,45.19083,-0.75561,353,
Bordeaux (Red),Lynch Bages,10125762014,2014,1012576,Bordeaux 500,Left Bank 200,45.19083,-0.75561,473,
Bordeaux (Red),Lynch Bages,10125762013,2013,1012576,Bordeaux 500,Left Bank 200,45.19083,-0.75561,526,
Bordeaux (Red),Lynch Bages,10125762012,2012,1012576,Bordeaux 500,Left Bank 200,45.19083,-0.75561,440,
Bordeaux (Red),Lynch Bages,10125762011,2011,1012576,Bordeaux 500,Left Bank 200,45.19083,-0.75561,269,
Bordeaux (Red),Lynch Bages,10125762010,2010,1012576,Bordeaux 500,Left Bank 200,45.19083,-0.75561,278,
Bordeaux (Red),Lynch Bages,10125762009,2009,1012576,Bordeaux 500,Left Bank 200,45.19083,-0.75561,420,
Bordeaux (Red),Lynch Bages,10125762008,2008,1012576,Bordeaux 500,Left Bank 200,45.19083,-0.75561,,
Bordeaux (Red),Margaux,10127812017,2017,1012781,Bordeaux 500,Fine Wine 50,45.044418,-0.668706,470,
Bordeaux (Red),Margaux,10127812016,2016,1012781,Bordeaux 500,Fine Wine 50,45.044418,-0.668706,418,
Bordeaux (Red),Margaux,10127812015,2015,1012781,Bordeaux 500,Fine Wine 50,45.044418,-0.668706,353,
Bordeaux (Red),Margaux,10127812014,2014,1012781,Bordeaux 500,Fine Wine 50,45.044418,-0.668706,473,
Bordeaux (Red),Margaux,10127812013,2013,1012781,Bordeaux 500,Fine Wine 50,45.044418,-0.668706,526,
Bordeaux (Red),Margaux,10127812012,2012,1012781,Bordeaux 500,Fine Wine 50,45.044418,-0.668706,440,
Bordeaux (Red),Margaux,10127812011,2011,1012781,Bordeaux 500,Fine Wine 50,45.044418,-0.668706,269,
Bordeaux (Red),Margaux,10127812010,2010,1012781,Bordeaux 500,Fine Wine 50,45.044418,-0.668706,278,
Bordeaux (Red),Margaux,10127812009,2009,1012781,Bordeaux 500,Fine Wine 50,45.044418,-0.668706,420,
Bordeaux (Red),Margaux,10127812008,2008,1012781,Bordeaux 500,Fine Wine 50,45.044418,-0.668706,,
Bordeaux (Red),Margaux,10127812000,2000,1012781,Bordeaux Legends 40,Bordeaux Legends ,,,,
Bordeaux (Red),Margaux,10127811996,1996,1012781,Bordeaux Legends 40,Bordeaux Legends ,,,,
Bordeaux (Red),Margaux,10127811990,1990,1012781,Bordeaux Legends 40,Bordeaux Legends ,,,,
Italy,Masseto,11607432017,2017,1160743,Italy 100,Super Tuscan,,,,
Italy,Masseto,11607432016,2016,1160743,Italy 100,Super Tuscan,,,,
Italy,Masseto,11607432015,2015,1160743,Italy 100,Super Tuscan,,,,
Italy,Masseto,11607432014,2014,1160743,Italy 100,Super Tuscan,,,,
Italy,Masseto,11607432013,2013,1160743,Italy 100,Super Tuscan,,,,
Italy,Masseto,11607432012,2012,1160743,Italy 100,Super Tuscan,,,,
Italy,Masseto,11607432011,2011,1160743,Italy 100,Super Tuscan,,,,
Italy,Masseto,11607432010,2010,1160743,Italy 100,Super Tuscan,,,,
Italy,Masseto,11607432009,2009,1160743,Italy 100,Super Tuscan,,,,
Italy,Masseto,11607432008,2008,1160743,Italy 100,Super Tuscan,,,,
Bordeaux (Red),Mission Haut Brion,10131792017,2017,1013179,Bordeaux 500,Left Bank 200,44.81539,-0.60565,470,
Bordeaux (Red),Mission Haut Brion,10131792016,2016,1013179,Bordeaux 500,Left Bank 200,44.81539,-0.60565,418,
Bordeaux (Red),Mission Haut Brion,10131792015,2015,1013179,Bordeaux 500,Left Bank 200,44.81539,-0.60565,353,
Bordeaux (Red),Mission Haut Brion,10131792014,2014,1013179,Bordeaux 500,Left Bank 200,44.81539,-0.60565,473,
Bordeaux (Red),Mission Haut Brion,10131792013,2013,1013179,Bordeaux 500,Left Bank 200,44.81539,-0.60565,526,
Bordeaux (Red),Mission Haut Brion,10131792012,2012,1013179,Bordeaux 500,Left Bank 200,44.81539,-0.60565,440,
Bordeaux (Red),Mission Haut Brion,10131792011,2011,1013179,Bordeaux 500,Left Bank 200,44.81539,-0.60565,269,
Bordeaux (Red),Mission Haut Brion,10131792010,2010,1013179,Bordeaux 500,Left Bank 200,44.81539,-0.60565,278,
Bordeaux (Red),Mission Haut Brion,10131792009,2009,1013179,Bordeaux 500,Left Bank 200,44.81539,-0.60565,420,
Bordeaux (Red),Mission Haut Brion,10131792008,2008,1013179,Bordeaux 500,Left Bank 200,44.81539,-0.60565,,
Bordeaux (Red),Mission Haut Brion,10131792000,2000,1013179,Bordeaux Legends 40,Bordeaux Legends ,,,,
Bordeaux (Red),Mission Haut Brion,10131791990,1990,1013179,Bordeaux Legends 40,Bordeaux Legends ,,,,
Bordeaux (Red),Mission Haut Brion,10131791989,1989,1013179,Bordeaux Legends 40,Bordeaux Legends ,,,,
Champagne,"Moet & Chandon, Dom Perignon",10826562010,2010,1082656,Champagne 50,Champagne ,,,,
Champagne,"Moet & Chandon, Dom Perignon",10826562009,2009,1082656,Champagne 50,Champagne ,,,,
Champagne,"Moet & Chandon, Dom Perignon",10826562008,2008,1082656,Champagne 50,Champagne ,,,,
Champagne,"Moet & Chandon, Dom Perignon",10826562006,2006,1082656,Champagne 50,Champagne ,,,,
Champagne,"Moet & Chandon, Dom Perignon",10826562005,2005,1082656,Champagne 50,Champagne ,,,,
Champagne,"Moet & Chandon, Dom Perignon",10826562004,2004,1082656,Champagne 50,Champagne ,,,,
Champagne,"Moet & Chandon, Dom Perignon Rose",10826722006,2006,1082672,Champagne 50,Champagne ,,,,
Champagne,"Moet & Chandon, Dom Perignon Rose",10826722005,2005,1082672,Champagne 50,Champagne ,,,,
Champagne,"Moet & Chandon, Dom Perignon Rose",10826722004,2004,1082672,Champagne 50,Champagne ,,,,
Champagne,"Moet & Chandon, Dom Perignon Rose",10826722003,2003,1082672,Champagne 50,Champagne ,,,,
Bordeaux (Red),Montrose,10132962017,2017,1013296,Bordeaux 500,Left Bank 200,45.24667,-0.76114,470,
Bordeaux (Red),Montrose,10132962016,2016,1013296,Bordeaux 500,Left Bank 200,45.24667,-0.76114,418,
Bordeaux (Red),Montrose,10132962015,2015,1013296,Bordeaux 500,Left Bank 200,45.24667,-0.76114,353,
Bordeaux (Red),Montrose,10132962014,2014,1013296,Bordeaux 500,Left Bank 200,45.24667,-0.76114,473,
Bordeaux (Red),Montrose,10132962013,2013,1013296,Bordeaux 500,Left Bank 200,45.24667,-0.76114,526,
Bordeaux (Red),Montrose,10132962012,2012,1013296,Bordeaux 500,Left Bank 200,45.24667,-0.76114,440,
Bordeaux (Red),Montrose,10132962011,2011,1013296,Bordeaux 500,Left Bank 200,45.24667,-0.76114,269,
Bordeaux (Red),Montrose,10132962010,2010,1013296,Bordeaux 500,Left Bank 200,45.24667,-0.76114,278,
Bordeaux (Red),Montrose,10132962009,2009,1013296,Bordeaux 500,Left Bank 200,45.24667,-0.76114,420,
Bordeaux (Red),Montrose,10132962008,2008,1013296,Bordeaux 500,Left Bank 200,45.24667,-0.76114,,
Bordeaux (Red),Montrose,10132961990,1990,1013296,Bordeaux Legends 40,Bordeaux Legends ,,,,
Bordeaux (Red),Mouton Rothschild,10135442017,2017,1013544,Bordeaux 500,Fine Wine 50,45.2153,-0.7686,470,
Bordeaux (Red),Mouton Rothschild,10135442016,2016,1013544,Bordeaux 500,Fine Wine 50,45.2153,-0.7686,418,
Bordeaux (Red),Mouton Rothschild,10135442015,2015,1013544,Bordeaux 500,Fine Wine 50,45.2153,-0.7686,353,
Bordeaux (Red),Mouton Rothschild,10135442014,2014,1013544,Bordeaux 500,Fine Wine 50,45.2153,-0.7686,473,
Bordeaux (Red),Mouton Rothschild,10135442013,2013,1013544,Bordeaux 500,Fine Wine 50,45.2153,-0.7686,526,
Bordeaux (Red),Mouton Rothschild,10135442012,2012,1013544,Bordeaux 500,Fine Wine 50,45.2153,-0.7686,440,
Bordeaux (Red),Mouton Rothschild,10135442011,2011,1013544,Bordeaux 500,Fine Wine 50,45.2153,-0.7686,269,
Bordeaux (Red),Mouton Rothschild,10135442010,2010,1013544,Bordeaux 500,Fine Wine 50,45.2153,-0.7686,278,
Bordeaux (Red),Mouton Rothschild,10135442009,2009,1013544,Bordeaux 500,Fine Wine 50,45.2153,-0.7686,420,
Bordeaux (Red),Mouton Rothschild,10135442008,2008,1013544,Bordeaux 500,Fine Wine 50,45.2153,-0.7686,,
Bordeaux (Red),Mouton Rothschild,10135442000,2000,1013544,Bordeaux Legends 40,Bordeaux Legends ,,,,
Bordeaux (Red),Mouton Rothschild,10135441998,1998,1013544,Bordeaux Legends 40,Bordeaux Legends ,,,,
United States,Opus One,11226622017,2017,1122662,Rest of the World 60,Rest of the World ,,,,
United States,Opus One,11226622016,2016,1122662,Rest of the World 60,Rest of the World ,,,,
United States,Opus One,11226622015,2015,1122662,Rest of the World 60,Rest of the World ,,,,
United States,Opus One,11226622014,2014,1122662,Rest of the World 60,Rest of the World ,,,,
United States,Opus One,11226622013,2013,1122662,Rest of the World 60,Rest of the World ,,,,
United States,Opus One,11226622012,2012,1122662,Rest of the World 60,Rest of the World ,,,,
United States,Opus One,11226622011,2011,1122662,Rest of the World 60,Rest of the World ,,,,
United States,Opus One,11226622010,2010,1122662,Rest of the World 60,Rest of the World ,,,,
United States,Opus One,11226622009,2009,1122662,Rest of the World 60,Rest of the World ,,,,
United States,Opus One,11226622008,2008,1122662,Rest of the World 60,Rest of the World ,,,,
Italy,Ornellaia,11020242017,2017,1102024,Italy 100,Super Tuscan,,,,
Italy,Ornellaia,11020242016,2016,1102024,Italy 100,Super Tuscan,,,,
Italy,Ornellaia,11020242015,2015,1102024,Italy 100,Super Tuscan,,,,
Italy,Ornellaia,11020242014,2014,1102024,Italy 100,Super Tuscan,,,,
Italy,Ornellaia,11020242013,2013,1102024,Italy 100,Super Tuscan,,,,
Italy,Ornellaia,11020242012,2012,1102024,Italy 100,Super Tuscan,,,,
Italy,Ornellaia,11020242011,2011,1102024,Italy 100,Super Tuscan,,,,
Italy,Ornellaia,11020242010,2010,1102024,Italy 100,Super Tuscan,,,,
Italy,Ornellaia,11020242009,2009,1102024,Italy 100,Super Tuscan,,,,
Italy,Ornellaia,11020242008,2008,1102024,Italy 100,Super Tuscan,,,,
Bordeaux (Red),Palmer,10136582017,2017,1013658,Bordeaux 500,Left Bank 200,45.0369,-0.6694,470,
Bordeaux (Red),Palmer,10136582016,2016,1013658,Bordeaux 500,Left Bank 200,45.0369,-0.6694,418,
Bordeaux (Red),Palmer,10136582015,2015,1013658,Bordeaux 500,Left Bank 200,45.0369,-0.6694,353,
Bordeaux (Red),Palmer,10136582014,2014,1013658,Bordeaux 500,Left Bank 200,45.0369,-0.6694,473,
Bordeaux (Red),Palmer,10136582013,2013,1013658,Bordeaux 500,Left Bank 200,45.0369,-0.6694,526,
Bordeaux (Red),Palmer,10136582012,2012,1013658,Bordeaux 500,Left Bank 200,45.0369,-0.6694,440,
Bordeaux (Red),Palmer,10136582011,2011,1013658,Bordeaux 500,Left Bank 200,45.0369,-0.6694,269,
Bordeaux (Red),Palmer,10136582010,2010,1013658,Bordeaux 500,Left Bank 200,45.0369,-0.6694,278,
Bordeaux (Red),Palmer,10136582009,2009,1013658,Bordeaux 500,Left Bank 200,45.0369,-0.6694,420,
Bordeaux (Red),Palmer,10136582008,2008,1013658,Bordeaux 500,Left Bank 200,45.0369,-0.6694,,
Bordeaux (Red),Pape Clement,10136902017,2017,1013690,Bordeaux 500,Left Bank 200,44.80571,-0.64683,470,
Bordeaux (Red),Pape Clement,10136902016,2016,1013690,Bordeaux 500,Left Bank 200,44.80571,-0.64683,418,
Bordeaux (Red),Pape Clement,10136902015,2015,1013690,Bordeaux 500,Left Bank 200,44.80571,-0.64683,353,
Bordeaux (Red),Pape Clement,10136902014,2014,1013690,Bordeaux 500,Left Bank 200,44.80571,-0.64683,473,
Bordeaux (Red),Pape Clement,10136902013,2013,1013690,Bordeaux 500,Left Bank 200,44.80571,-0.64683,526,
Bordeaux (Red),Pape Clement,10136902012,2012,1013690,Bordeaux 500,Left Bank 200,44.80571,-0.64683,440,
Bordeaux (Red),Pape Clement,10136902011,2011,1013690,Bordeaux 500,Left Bank 200,44.80571,-0.64683,269,
Bordeaux (Red),Pape Clement,10136902010,2010,1013690,Bordeaux 500,Left Bank 200,44.80571,-0.64683,278,
Bordeaux (Red),Pape Clement,10136902009,2009,1013690,Bordeaux 500,Left Bank 200,44.80571,-0.64683,420,
Bordeaux (Red),Pape Clement,10136902008,2008,1013690,Bordeaux 500,Left Bank 200,44.80571,-0.64683,,
Rhone,"Paul Jaboulet Aine, Hermitage Chapelle",11135632018,2018,1113563,Rhone 100,Northern Rhone 50,,,,
Rhone,"Paul Jaboulet Aine, Hermitage Chapelle",11135632017,2017,1113563,Rhone 100,Northern Rhone 50,,,,
Rhone,"Paul Jaboulet Aine, Hermitage Chapelle",11135632016,2016,1113563,Rhone 100,Northern Rhone 50,,,,
Rhone,"Paul Jaboulet Aine, Hermitage Chapelle",11135632015,2015,1113563,Rhone 100,Northern Rhone 50,,,,
Rhone,"Paul Jaboulet Aine, Hermitage Chapelle",11135632014,2014,1113563,Rhone 100,Northern Rhone 50,,,,
Rhone,"Paul Jaboulet Aine, Hermitage Chapelle",11135632013,2013,1113563,Rhone 100,Northern Rhone 50,,,,
Rhone,"Paul Jaboulet Aine, Hermitage Chapelle",11135632012,2012,1113563,Rhone 100,Northern Rhone 50,,,,
Rhone,"Paul Jaboulet Aine, Hermitage Chapelle",11135632011,2011,1113563,Rhone 100,Northern Rhone 50,,,,
Rhone,"Paul Jaboulet Aine, Hermitage Chapelle",11135632010,2010,1113563,Rhone 100,Northern Rhone 50,,,,
Rhone,"Paul Jaboulet Aine, Hermitage Chapelle",11135632009,2009,1113563,Rhone 100,Northern Rhone 50,,,,
Bordeaux (Red),Pavie,10138502017,2017,1013850,Bordeaux 500,Right Bank 100,44.8843,-0.1496,470,
Bordeaux (Red),Pavie,10138502016,2016,1013850,Bordeaux 500,Right Bank 100,44.8843,-0.1496,418,
Bordeaux (Red),Pavie,10138502015,2015,1013850,Bordeaux 500,Right Bank 100,44.8843,-0.1496,353,
Bordeaux (Red),Pavie,10138502014,2014,1013850,Bordeaux 500,Right Bank 100,44.8843,-0.1496,473,
Bordeaux (Red),Pavie,10138502013,2013,1013850,Bordeaux 500,Right Bank 100,44.8843,-0.1496,526,
Bordeaux (Red),Pavie,10138502012,2012,1013850,Bordeaux 500,Right Bank 100,44.8843,-0.1496,440,
Bordeaux (Red),Pavie,10138502011,2011,1013850,Bordeaux 500,Right Bank 100,44.8843,-0.1496,269,
Bordeaux (Red),Pavie,10138502010,2010,1013850,Bordeaux 500,Right Bank 100,44.8843,-0.1496,278,
Bordeaux (Red),Pavie,10138502009,2009,1013850,Bordeaux 500,Right Bank 100,44.8843,-0.1496,420,
Bordeaux (Red),Pavie,10138502008,2008,1013850,Bordeaux 500,Right Bank 100,44.8843,-0.1496,,
Bordeaux (Red),Pavie,10138502000,2000,1013850,Bordeaux Legends 40,Bordeaux Legends ,,,,
Bordeaux (Red),Pavillon Rouge,10138922017,2017,1013892,Bordeaux 500,Second Wines 50 ,45.044418,-0.668706,470,
Bordeaux (Red),Pavillon Rouge,10138922016,2016,1013892,Bordeaux 500,Second Wines 50 ,45.044418,-0.668706,418,
Bordeaux (Red),Pavillon Rouge,10138922015,2015,1013892,Bordeaux 500,Second Wines 50 ,45.044418,-0.668706,353,
Bordeaux (Red),Pavillon Rouge,10138922014,2014,1013892,Bordeaux 500,Second Wines 50 ,45.044418,-0.668706,473,
Bordeaux (Red),Pavillon Rouge,10138922013,2013,1013892,Bordeaux 500,Second Wines 50 ,45.044418,-0.668706,526,
Bordeaux (Red),Pavillon Rouge,10138922012,2012,1013892,Bordeaux 500,Second Wines 50 ,45.044418,-0.668706,440,
Bordeaux (Red),Pavillon Rouge,10138922011,2011,1013892,Bordeaux 500,Second Wines 50 ,45.044418,-0.668706,269,
Bordeaux (Red),Pavillon Rouge,10138922010,2010,1013892,Bordeaux 500,Second Wines 50 ,45.044418,-0.668706,278,
Bordeaux (Red),Pavillon Rouge,10138922009,2009,1013892,Bordeaux 500,Second Wines 50 ,45.044418,-0.668706,420,
Bordeaux (Red),Pavillon Rouge,10138922008,2008,1013892,Bordeaux 500,Second Wines 50 ,45.044418,-0.668706,,
Australia,"Penfolds, Grange",10042852016,2016,1004285,Rest of the World 60,Rest of the World ,,,,
Australia,"Penfolds, Grange",10042852015,2015,1004285,Rest of the World 60,Rest of the World ,,,,
Australia,"Penfolds, Grange",10042852014,2014,1004285,Rest of the World 60,Rest of the World ,,,,
Australia,"Penfolds, Grange",10042852013,2013,1004285,Rest of the World 60,Rest of the World ,,,,
Australia,"Penfolds, Grange",10042852012,2012,1004285,Rest of the World 60,Rest of the World ,,,,
Australia,"Penfolds, Grange",10042852011,2011,1004285,Rest of the World 60,Rest of the World ,,,,
Australia,"Penfolds, Grange",10042852010,2010,1004285,Rest of the World 60,Rest of the World ,,,,
Australia,"Penfolds, Grange",10042852009,2009,1004285,Rest of the World 60,Rest of the World ,,,,
Australia,"Penfolds, Grange",10042852008,2008,1004285,Rest of the World 60,Rest of the World ,,,,
Australia,"Penfolds, Grange",10042852007,2007,1004285,Rest of the World 60,Rest of the World ,,,,
Champagne,"Perrier Jouet, Belle Epoque",10827312012,2012,1082731,Champagne 50,Champagne ,,,,
Champagne,"Perrier Jouet, Belle Epoque",10827312011,2011,1082731,Champagne 50,Champagne ,,,,
Champagne,"Perrier Jouet, Belle Epoque",10827312008,2008,1082731,Champagne 50,Champagne ,,,,
Bordeaux (Red),Petit Mouton,10140042017,2017,1014004,Bordeaux 500,Second Wines 50 ,45.2153,-0.7686,470,
Bordeaux (Red),Petit Mouton,10140042016,2016,1014004,Bordeaux 500,Second Wines 50 ,45.2153,-0.7686,418,
Bordeaux (Red),Petit Mouton,10140042015,2015,1014004,Bordeaux 500,Second Wines 50 ,45.2153,-0.7686,353,
Bordeaux (Red),Petit Mouton,10140042014,2014,1014004,Bordeaux 500,Second Wines 50 ,45.2153,-0.7686,473,
Bordeaux (Red),Petit Mouton,10140042013,2013,1014004,Bordeaux 500,Second Wines 50 ,45.2153,-0.7686,526,
Bordeaux (Red),Petit Mouton,10140042012,2012,1014004,Bordeaux 500,Second Wines 50 ,45.2153,-0.7686,440,
Bordeaux (Red),Petit Mouton,10140042011,2011,1014004,Bordeaux 500,Second Wines 50 ,45.2153,-0.7686,269,
Bordeaux (Red),Petit Mouton,10140042010,2010,1014004,Bordeaux 500,Second Wines 50 ,45.2153,-0.7686,278,
Bordeaux (Red),Petit Mouton,10140042009,2009,1014004,Bordeaux 500,Second Wines 50 ,45.2153,-0.7686,420,
Bordeaux (Red),Petit Mouton,10140042008,2008,1014004,Bordeaux 500,Second Wines 50 ,45.2153,-0.7686,,
Bordeaux (Red),Petrus,10140332017,2017,1014033,Bordeaux 500,Right Bank 50,44.93073,-0.19285,470,
Bordeaux (Red),Petrus,10140332016,2016,1014033,Bordeaux 500,Right Bank 50,44.93073,-0.19285,418,
Bordeaux (Red),Petrus,10140332015,2015,1014033,Bordeaux 500,Right Bank 50,44.93073,-0.19285,353,
Bordeaux (Red),Petrus,10140332014,2014,1014033,Bordeaux 500,Right Bank 50,44.93073,-0.19285,473,
Bordeaux (Red),Petrus,10140332013,2013,1014033,Bordeaux 500,Right Bank 50,44.93073,-0.19285,526,
Bordeaux (Red),Petrus,10140332012,2012,1014033,Bordeaux 500,Right Bank 50,44.93073,-0.19285,440,
Bordeaux (Red),Petrus,10140332011,2011,1014033,Bordeaux 500,Right Bank 50,44.93073,-0.19285,269,
Bordeaux (Red),Petrus,10140332010,2010,1014033,Bordeaux 500,Right Bank 50,44.93073,-0.19285,278,
Bordeaux (Red),Petrus,10140332009,2009,1014033,Bordeaux 500,Right Bank 50,44.93073,-0.19285,420,
Bordeaux (Red),Petrus,10140332008,2008,1014033,Bordeaux 500,Right Bank 50,44.93073,-0.19285,,
Bordeaux (Red),Petrus,10140332000,2000,1014033,Bordeaux Legends 40,Bordeaux Legends ,,,,
Bordeaux (Red),Petrus,10140331998,1998,1014033,Bordeaux Legends 40,Bordeaux Legends ,,,,
Bordeaux (Red),Petrus,10140331995,1995,1014033,Bordeaux Legends 40,Bordeaux Legends ,,,,
Bordeaux (Red),Petrus,10140331990,1990,1014033,Bordeaux Legends 40,Bordeaux Legends ,,,,
Bordeaux (Red),Petrus,10140331989,1989,1014033,Bordeaux Legends 40,Bordeaux Legends ,,,,
Champagne,"Philipponnat, Clos Goisses Brut",13117702010,2010,1311770,Champagne 50,Champagne ,,,,
Champagne,"Philipponnat, Clos Goisses Brut",13117702009,2009,1311770,Champagne 50,Champagne ,,,,
Champagne,"Philipponnat, Clos Goisses Brut",13117702008,2008,1311770,Champagne 50,Champagne ,,,,
Champagne,"Philipponnat, Clos Goisses Brut",13117702007,2007,1311770,Champagne 50,Champagne ,,,,
Bordeaux (Red),Pichon Baron,10141632017,2017,1014163,Bordeaux 500,Left Bank 200,45.176111,-0.7525,470,
Bordeaux (Red),Pichon Baron,10141632016,2016,1014163,Bordeaux 500,Left Bank 200,45.176111,-0.7525,418,
Bordeaux (Red),Pichon Baron,10141632015,2015,1014163,Bordeaux 500,Left Bank 200,45.176111,-0.7525,353,
Bordeaux (Red),Pichon Baron,10141632014,2014,1014163,Bordeaux 500,Left Bank 200,45.176111,-0.7525,473,
Bordeaux (Red),Pichon Baron,10141632013,2013,1014163,Bordeaux 500,Left Bank 200,45.176111,-0.7525,526,
Bordeaux (Red),Pichon Baron,10141632012,2012,1014163,Bordeaux 500,Left Bank 200,45.176111,-0.7525,440,
Bordeaux (Red),Pichon Baron,10141632011,2011,1014163,Bordeaux 500,Left Bank 200,45.176111,-0.7525,269,
Bordeaux (Red),Pichon Baron,10141632010,2010,1014163,Bordeaux 500,Left Bank 200,45.176111,-0.7525,278,
Bordeaux (Red),Pichon Baron,10141632009,2009,1014163,Bordeaux 500,Left Bank 200,45.176111,-0.7525,420,
Bordeaux (Red),Pichon Baron,10141632008,2008,1014163,Bordeaux 500,Left Bank 200,45.176111,-0.7525,,
Bordeaux (Red),Pichon Lalande,10141762017,2017,1014176,Bordeaux 500,Left Bank 200,45.1762,-0.7524,470,
Bordeaux (Red),Pichon Lalande,10141762016,2016,1014176,Bordeaux 500,Left Bank 200,45.1762,-0.7524,418,
Bordeaux (Red),Pichon Lalande,10141762015,2015,1014176,Bordeaux 500,Left Bank 200,45.1762,-0.7524,353,
Bordeaux (Red),Pichon Lalande,10141762014,2014,1014176,Bordeaux 500,Left Bank 200,45.1762,-0.7524,473,
Bordeaux (Red),Pichon Lalande,10141762013,2013,1014176,Bordeaux 500,Left Bank 200,45.1762,-0.7524,526,
Bordeaux (Red),Pichon Lalande,10141762012,2012,1014176,Bordeaux 500,Left Bank 200,45.1762,-0.7524,440,
Bordeaux (Red),Pichon Lalande,10141762011,2011,1014176,Bordeaux 500,Left Bank 200,45.1762,-0.7524,269,
Bordeaux (Red),Pichon Lalande,10141762010,2010,1014176,Bordeaux 500,Left Bank 200,45.1762,-0.7524,278,
Bordeaux (Red),Pichon Lalande,10141762009,2009,1014176,Bordeaux 500,Left Bank 200,45.1762,-0.7524,420,
Bordeaux (Red),Pichon Lalande,10141762008,2008,1014176,Bordeaux 500,Left Bank 200,45.1762,-0.7524,,
Bordeaux (Red),Pin,10141922017,2017,1014192,Bordeaux 500,Right Bank 50,44.92583,-0.20548,470,
Bordeaux (Red),Pin,10141922016,2016,1014192,Bordeaux 500,Right Bank 50,44.92583,-0.20548,418,
Bordeaux (Red),Pin,10141922015,2015,1014192,Bordeaux 500,Right Bank 50,44.92583,-0.20548,353,
Bordeaux (Red),Pin,10141922014,2014,1014192,Bordeaux 500,Right Bank 50,44.92583,-0.20548,473,
Bordeaux (Red),Pin,10141922012,2012,1014192,Bordeaux 500,Right Bank 50,44.92583,-0.20548,440,
Bordeaux (Red),Pin,10141922011,2011,1014192,Bordeaux 500,Right Bank 50,44.92583,-0.20548,269,
Bordeaux (Red),Pin,10141922010,2010,1014192,Bordeaux 500,Right Bank 50,44.92583,-0.20548,278,
Bordeaux (Red),Pin,10141922009,2009,1014192,Bordeaux 500,Right Bank 50,44.92583,-0.20548,420,
Bordeaux (Red),Pin,10141922008,2008,1014192,Bordeaux 500,Right Bank 50,44.92583,-0.20548,,
Bordeaux (Red),Pin,10141922006,2006,1014192,Bordeaux 500,Right Bank 50,44.92583,-0.20548,,
Bordeaux (Red),Pin,10141922000,2000,1014192,Bordeaux Legends 40,Bordeaux Legends ,,,,
Bordeaux (Red),Pin,10141921998,1998,1014192,Bordeaux Legends 40,Bordeaux Legends ,,,,
Champagne,"Pol Roger, Sir Winston Churchill",10828612009,2009,1082861,Champagne 50,Champagne ,,,,
Champagne,"Pol Roger, Sir Winston Churchill",10828612008,2008,1082861,Champagne 50,Champagne ,,,,
Champagne,"Pol Roger, Sir Winston Churchill",10828612006,2006,1082861,Champagne 50,Champagne ,,,,
Champagne,"Pol Roger, Sir Winston Churchill",10828612004,2004,1082861,Champagne 50,Champagne ,,,,
Bordeaux (Red),Pontet Canet,10143072017,2017,1014307,Bordeaux 500,Left Bank 200,45.20833,-0.77053,470,
Bordeaux (Red),Pontet Canet,10143072016,2016,1014307,Bordeaux 500,Left Bank 200,45.20833,-0.77053,418,
Bordeaux (Red),Pontet Canet,10143072015,2015,1014307,Bordeaux 500,Left Bank 200,45.20833,-0.77053,353,
Bordeaux (Red),Pontet Canet,10143072014,2014,1014307,Bordeaux 500,Left Bank 200,45.20833,-0.77053,473,
Bordeaux (Red),Pontet Canet,10143072013,2013,1014307,Bordeaux 500,Left Bank 200,45.20833,-0.77053,526,
Bordeaux (Red),Pontet Canet,10143072012,2012,1014307,Bordeaux 500,Left Bank 200,45.20833,-0.77053,440,
Bordeaux (Red),Pontet Canet,10143072011,2011,1014307,Bordeaux 500,Left Bank 200,45.20833,-0.77053,269,
Bordeaux (Red),Pontet Canet,10143072010,2010,1014307,Bordeaux 500,Left Bank 200,45.20833,-0.77053,278,
Bordeaux (Red),Pontet Canet,10143072009,2009,1014307,Bordeaux 500,Left Bank 200,45.20833,-0.77053,420,
Bordeaux (Red),Pontet Canet,10143072008,2008,1014307,Bordeaux 500,Left Bank 200,45.20833,-0.77053,,
Bordeaux (White),Rieussec,10174832017,2017,1017483,Bordeaux 500,Sauternes 50,44.53875,-0.31134,470,
Bordeaux (White),Rieussec,10174832016,2016,1017483,Bordeaux 500,Sauternes 50,44.53875,-0.31134,418,
Bordeaux (White),Rieussec,10174832015,2015,1017483,Bordeaux 500,Sauternes 50,44.53875,-0.31134,353,
Bordeaux (White),Rieussec,10174832014,2014,1017483,Bordeaux 500,Sauternes 50,44.53875,-0.31134,473,
Bordeaux (White),Rieussec,10174832013,2013,1017483,Bordeaux 500,Sauternes 50,44.53875,-0.31134,526,
Bordeaux (White),Rieussec,10174832011,2011,1017483,Bordeaux 500,Sauternes 50,44.53875,-0.31134,269,
Bordeaux (White),Rieussec,10174832010,2010,1017483,Bordeaux 500,Sauternes 50,44.53875,-0.31134,278,
Bordeaux (White),Rieussec,10174832009,2009,1017483,Bordeaux 500,Sauternes 50,44.53875,-0.31134,420,
Bordeaux (White),Rieussec,10174832008,2008,1017483,Bordeaux 500,Sauternes 50,44.53875,-0.31134,,
Bordeaux (White),Rieussec,10174832007,2007,1017483,Bordeaux 500,Sauternes 50,44.53875,-0.31134,,
Champagne,"Salon, Le Mesnil",18076262008,2008,1807626,Champagne 50,Champagne ,,,,
Champagne,"Salon, Le Mesnil",18076262007,2007,1807626,Champagne 50,Champagne ,,,,
Champagne,"Salon, Le Mesnil",18076262006,2006,1807626,Champagne 50,Champagne ,,,,
Champagne,"Salon, Le Mesnil",18076262004,2004,1807626,Champagne 50,Champagne ,,,,
Italy,Sassicaia,11020372017,2017,1102037,Italy 100,Super Tuscan,,,,
Italy,Sassicaia,11020372016,2016,1102037,Italy 100,Super Tuscan,,,,
Italy,Sassicaia,11020372015,2015,1102037,Italy 100,Super Tuscan,,,,
Italy,Sassicaia,11020372014,2014,1102037,Italy 100,Super Tuscan,,,,
Italy,Sassicaia,11020372013,2013,1102037,Italy 100,Super Tuscan,,,,
Italy,Sassicaia,11020372012,2012,1102037,Italy 100,Super Tuscan,,,,
Italy,Sassicaia,11020372011,2011,1102037,Italy 100,Super Tuscan,,,,
Italy,Sassicaia,11020372010,2010,1102037,Italy 100,Super Tuscan,,,,
Italy,Sassicaia,11020372009,2009,1102037,Italy 100,Super Tuscan,,,,
Italy,Sassicaia,11020372008,2008,1102037,Italy 100,Super Tuscan,,,,
United States,"Screaming Eagle, Cabernet Sauvignon",16962112017,2017,1696211,Rest of the World 60,Rest of the World ,,,,
United States,"Screaming Eagle, Cabernet Sauvignon",16962112016,2016,1696211,Rest of the World 60,Rest of the World ,,,,
United States,"Screaming Eagle, Cabernet Sauvignon",16962112015,2015,1696211,Rest of the World 60,Rest of the World ,,,,
United States,"Screaming Eagle, Cabernet Sauvignon",16962112014,2014,1696211,Rest of the World 60,Rest of the World ,,,,
United States,"Screaming Eagle, Cabernet Sauvignon",16962112013,2013,1696211,Rest of the World 60,Rest of the World ,,,,
United States,"Screaming Eagle, Cabernet Sauvignon",16962112012,2012,1696211,Rest of the World 60,Rest of the World ,,,,
United States,"Screaming Eagle, Cabernet Sauvignon",16962112011,2011,1696211,Rest of the World 60,Rest of the World ,,,,
United States,"Screaming Eagle, Cabernet Sauvignon",16962112010,2010,1696211,Rest of the World 60,Rest of the World ,,,,
United States,"Screaming Eagle, Cabernet Sauvignon",16962112009,2009,1696211,Rest of the World 60,Rest of the World ,,,,
United States,"Screaming Eagle, Cabernet Sauvignon",16962112008,2008,1696211,Rest of the World 60,Rest of the World ,,,,
Bordeaux (Red),Smith Haut Lafitte,10152612017,2017,1015261,Bordeaux 500,Left Bank 200,44.73251,-0.55857,470,
Bordeaux (Red),Smith Haut Lafitte,10152612016,2016,1015261,Bordeaux 500,Left Bank 200,44.73251,-0.55857,418,
Bordeaux (Red),Smith Haut Lafitte,10152612015,2015,1015261,Bordeaux 500,Left Bank 200,44.73251,-0.55857,353,
Bordeaux (Red),Smith Haut Lafitte,10152612014,2014,1015261,Bordeaux 500,Left Bank 200,44.73251,-0.55857,473,
Bordeaux (Red),Smith Haut Lafitte,10152612013,2013,1015261,Bordeaux 500,Left Bank 200,44.73251,-0.55857,526,
Bordeaux (Red),Smith Haut Lafitte,10152612012,2012,1015261,Bordeaux 500,Left Bank 200,44.73251,-0.55857,440,
Bordeaux (Red),Smith Haut Lafitte,10152612011,2011,1015261,Bordeaux 500,Left Bank 200,44.73251,-0.55857,269,
Bordeaux (Red),Smith Haut Lafitte,10152612010,2010,1015261,Bordeaux 500,Left Bank 200,44.73251,-0.55857,278,
Bordeaux (Red),Smith Haut Lafitte,10152612009,2009,1015261,Bordeaux 500,Left Bank 200,44.73251,-0.55857,420,
Bordeaux (Red),Smith Haut Lafitte,10152612008,2008,1015261,Bordeaux 500,Left Bank 200,44.73251,-0.55857,,
Italy,Solaia,10953882017,2017,1095388,Italy 100,Super Tuscan,,,,
Italy,Solaia,10953882016,2016,1095388,Italy 100,Super Tuscan,,,,
Italy,Solaia,10953882015,2015,1095388,Italy 100,Super Tuscan,,,,
Italy,Solaia,10953882014,2014,1095388,Italy 100,Super Tuscan,,,,
Italy,Solaia,10953882013,2013,1095388,Italy 100,Super Tuscan,,,,
Italy,Solaia,10953882012,2012,1095388,Italy 100,Super Tuscan,,,,
Italy,Solaia,10953882011,2011,1095388,Italy 100,Super Tuscan,,,,
Italy,Solaia,10953882010,2010,1095388,Italy 100,Super Tuscan,,,,
Italy,Solaia,10953882009,2009,1095388,Italy 100,Super Tuscan,,,,
Italy,Solaia,10953882008,2008,1095388,Italy 100,Super Tuscan,,,,
Italy,"Soldera (Case Basse), Toscana Sangiovese",12265042015,2015,1226504,Italy 100,Italy,,,,
Italy,"Soldera (Case Basse), Toscana Sangiovese",12265042014,2014,1226504,Italy 100,Italy,,,,
Italy,"Soldera (Case Basse), Toscana Sangiovese",12265042013,2013,1226504,Italy 100,Italy,,,,
Italy,"Soldera (Case Basse), Toscana Sangiovese",12265042012,2012,1226504,Italy 100,Italy,,,,
Italy,"Soldera (Case Basse), Toscana Sangiovese",12265042011,2011,1226504,Italy 100,Italy,,,,
Italy,"Soldera (Case Basse), Toscana Sangiovese",12265042010,2010,1226504,Italy 100,Italy,,,,
Italy,"Soldera (Case Basse), Toscana Sangiovese",12265042009,2009,1226504,Italy 100,Italy,,,,
Italy,"Soldera (Case Basse), Toscana Sangiovese",12265042008,2008,1226504,Italy 100,Italy,,,,
Italy,"Soldera (Case Basse), Toscana Sangiovese",12265042007,2007,1226504,Italy 100,Italy,,,,
Italy,"Soldera (Case Basse), Toscana Sangiovese",12265042006,2006,1226504,Italy 100,Italy,,,,
Bordeaux (White),Suduiraut,10176562017,2017,1017656,Bordeaux 500,Sauternes 50,44.556389,-0.32,470,
Bordeaux (White),Suduiraut,10176562016,2016,1017656,Bordeaux 500,Sauternes 50,44.556389,-0.32,418,
Bordeaux (White),Suduiraut,10176562015,2015,1017656,Bordeaux 500,Sauternes 50,44.556389,-0.32,353,
Bordeaux (White),Suduiraut,10176562014,2014,1017656,Bordeaux 500,Sauternes 50,44.556389,-0.32,473,
Bordeaux (White),Suduiraut,10176562013,2013,1017656,Bordeaux 500,Sauternes 50,44.556389,-0.32,526,
Bordeaux (White),Suduiraut,10176562011,2011,1017656,Bordeaux 500,Sauternes 50,44.556389,-0.32,269,
Bordeaux (White),Suduiraut,10176562010,2010,1017656,Bordeaux 500,Sauternes 50,44.556389,-0.32,278,
Bordeaux (White),Suduiraut,10176562009,2009,1017656,Bordeaux 500,Sauternes 50,44.556389,-0.32,420,
Bordeaux (White),Suduiraut,10176562008,2008,1017656,Bordeaux 500,Sauternes 50,44.556389,-0.32,,
Bordeaux (White),Suduiraut,10176562007,2007,1017656,Bordeaux 500,Sauternes 50,44.556389,-0.32,,
Champagne,"Taittinger, Comtes Champagne",13143772008,2008,1314377,Champagne 50,Champagne ,,,,
Champagne,"Taittinger, Comtes Champagne",13143772007,2007,1314377,Champagne 50,Champagne ,,,,
Champagne,"Taittinger, Comtes Champagne",13143772006,2006,1314377,Champagne 50,Champagne ,,,,
Champagne,"Taittinger, Comtes Champagne",13143772005,2005,1314377,Champagne 50,Champagne ,,,,
Champagne,"Taittinger, Comtes Champagne",13143772004,2004,1314377,Champagne 50,Champagne ,,,,
Portugal,Taylor,11078692018,2018,1107869,Rest of the World 60,Rest of the World ,,,,
Portugal,Taylor,11078692017,2017,1107869,Rest of the World 60,Rest of the World ,,,,
Portugal,Taylor,11078692016,2016,1107869,Rest of the World 60,Rest of the World ,,,,
Portugal,Taylor,11078692011,2011,1107869,Rest of the World 60,Rest of the World ,,,,
Portugal,Taylor,11078692009,2009,1107869,Rest of the World 60,Rest of the World ,,,,
Portugal,Taylor,11078692007,2007,1107869,Rest of the World 60,Rest of the World ,,,,
Portugal,Taylor,11078692003,2003,1107869,Rest of the World 60,Rest of the World ,,,,
Portugal,Taylor,11078692000,2000,1107869,Rest of the World 60,Rest of the World ,,,,
Portugal,Taylor,11078691997,1997,1107869,Rest of the World 60,Rest of the World ,,,,
Portugal,Taylor,11078691994,1994,1107869,Rest of the World 60,Rest of the World ,,,,
Italy,Tignanello,10953912017,2017,1095391,Italy 100,Super Tuscan,,,,
Italy,Tignanello,10953912016,2016,1095391,Italy 100,Super Tuscan,,,,
Italy,Tignanello,10953912015,2015,1095391,Italy 100,Super Tuscan,,,,
Italy,Tignanello,10953912014,2014,1095391,Italy 100,Super Tuscan,,,,
Italy,Tignanello,10953912013,2013,1095391,Italy 100,Super Tuscan,,,,
Italy,Tignanello,10953912012,2012,1095391,Italy 100,Super Tuscan,,,,
Italy,Tignanello,10953912011,2011,1095391,Italy 100,Super Tuscan,,,,
Italy,Tignanello,10953912010,2010,1095391,Italy 100,Super Tuscan,,,,
Italy,Tignanello,10953912009,2009,1095391,Italy 100,Super Tuscan,,,,
Italy,Tignanello,10953912008,2008,1095391,Italy 100,Super Tuscan,,,,
Bordeaux (Red),Troplong Mondot,10159422017,2017,1015942,Bordeaux 500,Right Bank 100,44.88853, -0.14075,470,
Bordeaux (Red),Troplong Mondot,10159422016,2016,1015942,Bordeaux 500,Right Bank 100,44.88853, -0.14075,418,
Bordeaux (Red),Troplong Mondot,10159422015,2015,1015942,Bordeaux 500,Right Bank 100,44.88853, -0.14075,353,
Bordeaux (Red),Troplong Mondot,10159422014,2014,1015942,Bordeaux 500,Right Bank 100,44.88853, -0.14075,473,
Bordeaux (Red),Troplong Mondot,10159422013,2013,1015942,Bordeaux 500,Right Bank 100,44.88853, -0.14075,526,
Bordeaux (Red),Troplong Mondot,10159422012,2012,1015942,Bordeaux 500,Right Bank 100,44.88853, -0.14075,440,
Bordeaux (Red),Troplong Mondot,10159422011,2011,1015942,Bordeaux 500,Right Bank 100,44.88853, -0.14075,269,
Bordeaux (Red),Troplong Mondot,10159422010,2010,1015942,Bordeaux 500,Right Bank 100,44.88853, -0.14075,278,
Bordeaux (Red),Troplong Mondot,10159422009,2009,1015942,Bordeaux 500,Right Bank 100,44.88853, -0.14075,420,
Bordeaux (Red),Troplong Mondot,10159422008,2008,1015942,Bordeaux 500,Right Bank 100,44.88853, -0.14075,,
Spain,"Vega Sicilia, Unico",11213592010,2010,1121359,Rest of the World 60,Rest of the World ,,,,
Spain,"Vega Sicilia, Unico",11213592009,2009,1121359,Rest of the World 60,Rest of the World ,,,,
Spain,"Vega Sicilia, Unico",11213592008,2008,1121359,Rest of the World 60,Rest of the World ,,,,
Spain,"Vega Sicilia, Unico",11213592007,2007,1121359,Rest of the World 60,Rest of the World ,,,,
Spain,"Vega Sicilia, Unico",11213592006,2006,1121359,Rest of the World 60,Rest of the World ,,,,
Spain,"Vega Sicilia, Unico",11213592005,2005,1121359,Rest of the World 60,Rest of the World ,,,,
Spain,"Vega Sicilia, Unico",11213592004,2004,1121359,Rest of the World 60,Rest of the World ,,,,
Spain,"Vega Sicilia, Unico",11213592003,2003,1121359,Rest of the World 60,Rest of the World ,,,,
Spain,"Vega Sicilia, Unico",11213592002,2002,1121359,Rest of the World 60,Rest of the World ,,,,
Spain,"Vega Sicilia, Unico",11213592000,2000,1121359,Rest of the World 60,Rest of the World ,,,,
Bordeaux (Red),Vieux Chateau Certan,10160822017,2017,1016082,Bordeaux 500,Right Bank 100,44.92774,-0.19789,470,
Bordeaux (Red),Vieux Chateau Certan,10160822016,2016,1016082,Bordeaux 500,Right Bank 100,44.92774,-0.19789,418,
Bordeaux (Red),Vieux Chateau Certan,10160822015,2015,1016082,Bordeaux 500,Right Bank 100,44.92774,-0.19789,353,
Bordeaux (Red),Vieux Chateau Certan,10160822014,2014,1016082,Bordeaux 500,Right Bank 100,44.92774,-0.19789,473,
Bordeaux (Red),Vieux Chateau Certan,10160822013,2013,1016082,Bordeaux 500,Right Bank 100,44.92774,-0.19789,526,
Bordeaux (Red),Vieux Chateau Certan,10160822012,2012,1016082,Bordeaux 500,Right Bank 100,44.92774,-0.19789,440,
Bordeaux (Red),Vieux Chateau Certan,10160822011,2011,1016082,Bordeaux 500,Right Bank 100,44.92774,-0.19789,269,
Bordeaux (Red),Vieux Chateau Certan,10160822010,2010,1016082,Bordeaux 500,Right Bank 100,44.92774,-0.19789,278,
Bordeaux (Red),Vieux Chateau Certan,10160822009,2009,1016082,Bordeaux 500,Right Bank 100,44.92774,-0.19789,420,
Bordeaux (Red),Vieux Chateau Certan,10160822008,2008,1016082,Bordeaux 500,Right Bank 100,44.92774,-0.19789,,
Rhone,"Vieux Telegraphe, Chateauneuf Du Pape",11180762018,2018,1118076,Rhone 100,Southern Rhone 50,,,,
Rhone,"Vieux Telegraphe, Chateauneuf Du Pape",11180762017,2017,1118076,Rhone 100,Southern Rhone 50,,,,
Rhone,"Vieux Telegraphe, Chateauneuf Du Pape",11180762016,2016,1118076,Rhone 100,Southern Rhone 50,,,,
Rhone,"Vieux Telegraphe, Chateauneuf Du Pape",11180762015,2015,1118076,Rhone 100,Southern Rhone 50,,,,
Rhone,"Vieux Telegraphe, Chateauneuf Du Pape",11180762014,2014,1118076,Rhone 100,Southern Rhone 50,,,,
Rhone,"Vieux Telegraphe, Chateauneuf Du Pape",11180762013,2013,1118076,Rhone 100,Southern Rhone 50,,,,
Rhone,"Vieux Telegraphe, Chateauneuf Du Pape",11180762012,2012,1118076,Rhone 100,Southern Rhone 50,,,,
Rhone,"Vieux Telegraphe, Chateauneuf Du Pape",11180762011,2011,1118076,Rhone 100,Southern Rhone 50,,,,
Rhone,"Vieux Telegraphe, Chateauneuf Du Pape",11180762010,2010,1118076,Rhone 100,Southern Rhone 50,,,,
Rhone,"Vieux Telegraphe, Chateauneuf Du Pape",11180762009,2009,1118076,Rhone 100,Southern Rhone 50,,,,
Bordeaux (White),Yquem,10177572017,2017,1017757,Bordeaux 500,Sauternes 50,44.5447,-0.3287,470,
Bordeaux (White),Yquem,10177572016,2016,1017757,Bordeaux 500,Sauternes 50,44.5447,-0.3287,418,
Bordeaux (White),Yquem,10177572015,2015,1017757,Bordeaux 500,Sauternes 50,44.5447,-0.3287,353,
Bordeaux (White),Yquem,10177572014,2014,1017757,Bordeaux 500,Sauternes 50,44.5447,-0.3287,473,
Bordeaux (White),Yquem,10177572013,2013,1017757,Bordeaux 500,Sauternes 50,44.5447,-0.3287,526,
Bordeaux (White),Yquem,10177572011,2011,1017757,Bordeaux 500,Sauternes 50,44.5447,-0.3287,269,
Bordeaux (White),Yquem,10177572010,2010,1017757,Bordeaux 500,Sauternes 50,44.5447,-0.3287,278,
Bordeaux (White),Yquem,10177572009,2009,1017757,Bordeaux 500,Sauternes 50,44.5447,-0.3287,420,
Bordeaux (White),Yquem,10177572008,2008,1017757,Bordeaux 500,Sauternes 50,44.5447,-0.3287,,
Bordeaux (White),Yquem,10177572007,2007,1017757,Bordeaux 500,Sauternes 50,44.5447,-0.3287,,